ТМЦ,,Ед.,Усред. себест-ть с НДС (руб.),Артемовский МАГАЗИН,"Камышлов, ул. Куйбышева, 2",Основной склад,"РК ""Ботанический"" пав. № 176","РК ""Верх-Исетский"" пав. № 75-76","Реж, ул. Ленина,8","г.Алапаевск ТЦ ул.Фрунзе,32"
Искусственный мех,,,, , , , , , , 
"Комплект покрывало 1,80*2,20,  навол. 40*40 (2 шт)",,шт,"1 185,15","1,000", , , , , , 
"Плед  1,10х1,40 ""Тамерлан"" дет. облегченный",,шт,"531,30", , , , , ,"1,000", 
"Плед  1,50х2,00 ""Тамерлан"" облегченный",,шт,"697,50","1,000", , ,"2,000", ,"2,000","1,000"
"Плед  2,00х2,40 ""Тамерлан"" облегченный",,шт,"1 124,94","4,000","1,000", , ,"2,000", ,"1,000"
"Плед (Китай) 1,10х1,40",,шт,"263,00", , , , , , ,"1,000"
Коврики прорезиненные,,,, , , , , , , 
Коврик Детройт 80*120,,шт,"359,18", , , , ,"3,000", , 
Коврик Люксор фом. 50*80 фигурные,,шт,"156,00", , , , , , ,"2,000"
Коврик Нью Соса 33*33,,шт,"48,96","16,000","32,000","576,000","18,000","30,000","45,000","27,000"
Коврик Нью Соса 40*70,,шт,"120,43","2,000","2,000", ,"3,000","3,000","6,000","4,000"
Коврик Нью Соса 50*80,,шт,"180,12","6,000","9,000","69,000","6,000","4,000","14,000","8,000"
Коврик Нью Соса 57*60,,шт,"154,62","4,000","3,000","139,000","5,000","6,000","13,000","2,000"
Коврик Нью Соса 57*80,,шт,"206,67","8,000","4,000","21,000","7,000","6,000","19,000","12,000"
Коврик Нью Соса 57*90,,шт,"231,27","8,000","5,000","52,000","5,000","2,000","14,000","6,000"
"Коврик Плато 0,60*0,80",,шт,"288,00", , , , ,"2,000","4,000","7,000"
"Коврик Плато 0,60*1,00",,шт,"360,00", ,"1,000","9,000", ,"2,000","3,000","8,000"
"Коврик Плато 0,80*1,20",,шт,"576,00", ,"3,000","9,000", ,"2,000","4,000","2,000"
Коврик Розетта Стронг Бэк 40*70,,шт,"102,00","2,000", , , , , , 
Коврик Сабха Тун 40*60,,шт,"85,21","6,000", , ,"3,000", ,"1,000", 
Коврик Сабха Тун 50*80,,шт,"130,90","8,000","11,000","70,000","6,000","11,000","18,000","9,000"
Коврик Сабха Тун 60*90,,шт,"182,55","8,000","11,000", ,"5,000","17,000","11,000","10,000"
Коврик Сабха Тун 67*100,,шт,"219,08","11,000","10,000","30,000","2,000","10,000","12,000","7,000"
"Коврик Торонто 0,50*0,70",,шт,"122,50","6,000", ,"1,000","3,000","3,000","8,000", 
"Коврик Торонто 0,50*0,80",,шт,"140,00", ,"6,000", , , , ,"10,000"
"Коврик Торонто 0,50*1,00",,шт,"175,00", ,"1,000", , , , , 
"Коврик Торонто 0,60*1,00",,шт,"209,62","4,000","1,000","1,000","3,000","6,000","6,000","10,000"
"Комп-т ковр. д/ван. 0,60*1,00",,шт,"560,00","2,000","3,000", ,"1,000","2,000","6,000","2,000"
Комп-т ковр. д/ван. 3D 0.60*0.90,,шт,"560,00","2,000","1,000", , ,"1,000","6,000","1,000"
"Комп-т ковр. д/ван. Смарт 0,60*1,60",,шт,"566,15","2,000","4,000", , ,"3,000","4,000", 
Ковры,,,, , , , , , , 
Дорожка ковровая,,,, , , , , , , 
Дорожка ковр. (Балтекс),,,, , , , , , , 
"Дорожка ковр.(Балтекс) 1,2м.",,,, , , , , , , 
"Дорожка ковр. (Балтекс)  1,2 L=25,0",,рул,"196,83", , ,"8,717", , , ,"0,363"
Дорожка ковр. (Витебск),,,, , , , , , , 
"Дорожка ковр.(Витебск) 1,00 м.",,,, , , , , , , 
"Дорожка ковр. (Витебск) 1,0м. L=20,0 м.",,рул,"280,00", , ,"7,505", , , ,"0,395"
Дорожка ковр. (Да Винчи),,,, , , , , , , 
"Дорожка ковр. (Да Винчи) 0,7м.",,,, , , , , , , 
"Дорожка ковр. (Да Винчи) 0,7 м L=25,0 м",,рул,"290,50", , ,"0,902", , , ,"0,038"
"Дорожка ковр. (Да Винчи) 1,0м.",,,, , , , , , , 
"Дорожка ковр. (Да Винчи) 1,0м. L=25м.",,рул,"10 375,00", ,"0,056", , , , , 
Дорожка ковр. (Лагуна BCF),,,, , , , , , , 
"Дорожка ковр. (Лагуна BCF) 0,8м.",,,, , , , , , , 
"Дорожка ковр. (Лагуна BCF) 0,8м. L=30м.",,рул,"6 840,00", , , , , ,"0,015", 
"Дорожка ковр. (Лагуна BCF) 1,2м.",,,, , , , , , , 
"Дорожка ковр. (Лагуна BCF) 1,2м. L=30м.",,рул,"8 100,00", ,"0,050", , , , , 
Дорожка ковр. (Лайла де Люкс),,,, , , , , , , 
"Дорожка ковр.(Лайла де люкс) 0,8м.",,,, , , , , , , 
"Дорожка ковр.(Лайла де Люкс) 0,8м. L=30,0м.",,рул,"6 655,20", ,"0,001", , , ,"0,122", 
"Дорожка ковр.(Лайла де люкс) 1,0м.",,,, , , , , , , 
"Дорожка ковр.(Лайла де Люкс) 1,0м. L=30,0м.",,рул,"8 319,00", , , , , ,"0,160", 
Дорожка ковр. (Люберцы Золушка),,,, , , , , , , 
"Дорожка ковр. (Люберцы Золушка) 1,0м.",,,, , , , , , , 
"Дорожка ковр. (Люберцы Золушка) 1,0м. L=31,5 м.",,рул,"8 419,97", , , , , ,"0,245", 
Дорожка ковр. (Молдова),,,, , , , , , , 
"Дорожка ковр.(Молдова) 0,90 м.",,,, , , , , , , 
"Дорожка ковр. (Молдова) 0,9м. L=30,0 м.",,рул,"207,72", , ,"1,701", , , ,"0,058"
"Дорожка ковр.(Молдова) 1,50 м.",,,, , , , , , , 
"Дорожка ковр. (Молдова) 1,50 м. L=30,0 м.",,рул,"346,19", , ,"5,500", , , ,"0,190"
Дорожка ковр. (Молдова) Акварель,,,, , , , , , , 
"Дорожка ковр. (Молдова) Акварель 0,8",,,, , , , , , , 
"Дорожка ковр. (Молдова) Акварель 0,8 L=25,0м",,рул,"288,00", , ,"1,286", , , ,"0,054"
"Дорожка ковр. (Молдова) Акварель 1,2",,,, , , , , , , 
"Дорожка ковр. (Молдова) Акварель 1,2 L=25,0м",,рул,"11 760,00", ,"0,174", , , , , 
Дорожка ковр. (Циновка),,,, , , , , , , 
"Дорожка ковр. (Циновка) 1,0 L=23,9м",,рул,"9 435,72", ,"0,615", , , , , 
Дорожка ковр. (Циновка) Витебск,,,, , , , , , , 
"Дорожка ковр. (Циновка) Витебск 1,0м.",,,, , , , , , , 
"Дорожка ковр. (Циновка) Витебск 1,0 L=29,7м",,рул,"7 870,50","0,032", , , , , , 
Коврики (хит-сет),,,, , , , , , , 
"Коврик (хит-сет) 0,80*1,47",,шт,"592,00", , , , ,"1,000", , 
Ковры (Sisal) Турция Циновка,,,, , , , , , , 
"Ковер (Sisal) Турция Циновка 1,40*2,00",,шт,"977,20", , ,"1,000", , , , 
"Ковер (Sisal) Турция Циновка 1,60*2,30 ов.",,шт,"1 284,32","2,000", , , , ,"1,000", 
Ковры (Акварель),,,, , , , , , , 
"Ковер (Акварель) 0,60*1,00",,шт,"282,00", , ,"2,000", , , , 
"Ковер (Акварель) 0,60*1,00 ов.",,шт,"290,16", , , , , , ,"2,000"
"Ковер (Акварель) 0,60*1,10",,шт,"501,25","2,000", , , , ,"3,000","2,000"
"Ковер (Акварель) 0,60*1,10 ов.",,шт,"365,18","2,000", ,"2,000", ,"1,000","3,000", 
"Ковер (Акварель) 0,80*1,50 ов.",,шт,"564,00", ,"1,000", , , ,"1,000", 
"Ковер (Акварель) 1,00*2,00",,шт,"940,00", , ,"1,000", , , , 
"Ковер (Акварель) 1,00*2,00 ов.",,шт,"940,00", , ,"1,000", , , , 
"Ковер (Акварель) 1,50*1,50 ов.",,шт,"1 036,35", , , ,"1,000", ,"1,000","1,000"
"Ковер (Акварель) 1,50*2,30 ов.",,шт,"1 621,50", , , , , ,"2,000", 
"Ковер (Акварель) 1,50*3,00",,шт,"2 115,00", ,"1,000", , , ,"2,000","1,000"
"Ковер (Акварель) 1,50*3,00 ов.",,шт,"2 217,23", , , , , , ,"1,000"
"Ковер (Акварель) 1,50*4,00",,шт,"2 820,00", , , , , ,"1,000", 
"Ковер (Акварель) 2,00*2,00 ов.",,шт,"1 842,40", , , ,"1,000", , , 
"Ковер (Акварель) 2,00*3,00 ов.",,шт,"2 813,25","1,000", ,"1,000", ,"1,000","1,000", 
"Ковер (Акварель) 2,00*4,00 ов.",,шт,"3 722,40", , ,"1,000", , ,"2,000","1,000"
"Ковер (Акварель) 2,00*5,00",,шт,"4 700,00", , , , , ,"1,000", 
Ковры (Анатолия),,,, , , , , , , 
"Ковер (Анатолия) 0,70*1,40",,шт,"580,36", , , , , , ,"1,000"
"Ковер (Анатолия) 1,50*2,30 ов.",,шт,"2 043,09", , , , , , ,"1,000"
"Ковер (Анатолия) 2,00*3,00",,шт,"3 553,20", , , , , ,"1,000","1,000"
"Ковер (Анатолия) 2,00*3,00 ов.",,шт,"3 553,20","1,000", , , , , ,"1,000"
"Ковер (Анатолия) 2,50*3,50",,шт,"5 181,75", , , , , , ,"1,000"
Ковры (Астана) BCF,,,, , , , , , , 
"Ковер (Астана) BCF 1,00*2,00 ов.",,шт,"598,50","1,000", , , , , , 
"Ковер (Астана) BCF 1,50*2,30",,шт,"1 032,41","1,000", , , , , , 
"Ковер (Астана) BCF 1,50*2,30 ов.",,шт,"1 032,41", , , , , ,"1,000", 
"Ковер (Астана) BCF 1,50*3,00",,шт,"1 346,65","1,000", , , , , , 
"Ковер (Астана) BCF 1,50*3,00 ов.",,шт,"1 346,60", , , ,"1,000", , , 
Ковры (Балтекс),,,, , , , , , , 
"Ковер (Балтекс) 2,20*4,00",,шт,"1 443,46", , , , , ,"1,000", 
Ковры (Березовские),,,, , , , , , , 
Ковры (Березовские) шерсть,,,, , , , , , , 
"Ковер (шерсть) 1,50*2,10",,шт,"1 260,00","1,000", , , , , , 
"Ковер (шерсть) 1,50*2,30",,шт,"1 380,00","1,000", , , , , , 
Ковры (Богемы),,,, , , , , , , 
"Ковер (Богемы) 0,80*1,50",,шт,"576,00", , , , , , ,"1,000"
"Ковер (Богемы) 1,50*2,30",,шт,"1 656,00", , , , , , ,"1,000"
Ковры (Болора) вискоза,,,, , , , , , , 
"Ковер (Болора) вискоза 1,60*2,30",,шт,"3 548,44", , , , , , ,"1,000"
"Ковер (Болора) вискоза 2,00*2,90",,шт,"6 612,00", , , , , , ,"1,000"
"Ковер (Болора) вискоза 2,00*2,90 ов.",,шт,"6 612,00","1,000", , , , , , 
Ковры (Бухара) вискоза,,,, , , , , , , 
"Ковер (Бухара) вискоза 1,20*3,00",,шт,"5 274,00", , , , , ,"1,000", 
"Ковер (Бухара) вискоза 1,60*3,00 ов.",,шт,"4 464,00", , , , , , ,"1,000"
"Ковер (Бухара) вискоза 1,60*4,00",,шт,"5 952,00", , , , , , ,"1,000"
"Ковер (Бухара) вискоза 1,60*4,00 ов.",,шт,"5 952,00", ,"1,000", , , ,"1,000", 
Ковры (Валенсия),,,, , , , , , , 
"Ковер (Валенсия) 0,80*1,50",,шт,"642,00", , , , ,"1,000", , 
Ковры (Версаль),,,, , , , , , , 
"Ковер (Версаль) 0,60*1,10",,шт,"339,83", , , , , , ,"1,000"
"Ковер (Версаль) 0,80*1,50",,шт,"708,00", , , ,"1,000", ,"2,000","4,000"
"Ковер (Версаль) 1,00*2,00",,шт,"1 189,67", , , , , ,"2,000","1,000"
"Ковер (Версаль) 1,00*2,00 ов.",,шт,"1 175,73", , , ,"2,000", , ,"1,000"
"Ковер (Версаль) 1,20*2,00",,шт,"1 450,80", , , ,"1,000", , , 
"Ковер (Версаль) 1,50*1,50 ов.",,шт,"1 360,13", ,"1,000","3,000","1,000", , , 
"Ковер (Версаль) 1,50*2,00 ов.",,шт,"1 813,50", , , ,"2,000", , , 
"Ковер (Версаль) 1,50*2,30",,шт,"2 085,53", , , ,"1,000", , , 
"Ковер (Версаль) 1,50*3,00",,шт,"3 430,45", , , , ,"2,000","1,000", 
"Ковер (Версаль) 1,50*3,00 ов.",,шт,"2 592,15", ,"1,000", ,"1,000","1,000","1,000","1,000"
"Ковер (Версаль) 1,50*4,00",,шт,"3 058,80", ,"1,000", ,"1,000", , , 
"Ковер (Версаль) 1,60*2,30",,шт,"2 425,37", , ,"1,000", ,"1,000", ,"2,000"
"Ковер (Версаль) 1,60*2,30 ов.",,шт,"2 171,20", , , , ,"2,000", , 
"Ковер (Версаль) 2,00*2,00 ов.",,шт,"2 418,00", ,"1,000","3,000","1,000","1,000", , 
"Ковер (Версаль) 2,00*3,00",,шт,"3 948,65", , , ,"1,000","1,000","3,000","1,000"
"Ковер (Версаль) 2,00*3,00 ов.",,шт,"3 627,00", , ,"1,000", , , , 
"Ковер (Версаль) 2,00*4,00",,шт,"4 762,33", , , , ,"4,000","3,000","1,000"
"Ковер (Версаль) 2,00*4,00 ов.",,шт,"4 888,00","1,000", , ,"1,000","1,000","1,000","1,000"
"Ковер (Версаль) 2,00*5,00",,шт,"6 110,00", , , , ,"1,000", , 
"Ковер (Версаль) 2,00*5,00 ов.",,шт,"6 110,00", , , , ,"1,000", , 
"Ковер (Версаль) 2,40*3,40 ов.",,шт,"4 968,08","1,000", , , ,"1,000", , 
"Ковер (Версаль) 2,40*4,00 ов.",,шт,"5 324,16", ,"1,000", , , , , 
"Ковер (Версаль) 2,50*3,50",,шт,"5 289,38", , , , ,"1,000", , 
"Ковер (Версаль) 2,50*3,50 ов.",,шт,"4 852,75", , , , , ,"1,000", 
"Ковер (Версаль) 2,50*4,00",,шт,"6 586,00", ,"1,000", ,"1,000","2,000", ,"1,000"
Ковры (Виктория),,,, , , , , , , 
"Ковер (Виктория) 1,50*3,00",,шт,"1 162,80", , , , , , ,"1,000"
"Ковер (Виктория) 2,50*4,50 ов.",,шт,"2 907,00", , ,"1,000", , , , 
Ковры (Витебск),,,, , , , , , , 
Витебск,,,, , , , , , , 
Ковер (Витебск) дет.,,,, , , , , , , 
"Ковер (Витебск) дет. 2,00*3,00",,шт,"2 154,00","1,000", , , , , , 
Ковры (Витебск) Вернисаж,,,, , , , , , , 
"Ковер (Витебск) Вернисаж 0,80*1,50 ов.",,шт,"676,29", , , ,"1,000", ,"5,000", 
"Ковер (Витебск) Вернисаж 1,00*2,00",,шт,"800,00", , , ,"1,000", , ,"1,000"
"Ковер (Витебск) Вернисаж 1,50*2,00",,шт,"1 200,00", , , ,"1,000", , , 
"Ковер (Витебск) Вернисаж 1,50*2,30",,шт,"1 552,50","1,000", ,"1,000", , , , 
"Ковер (Витебск) Вернисаж 1,50*3,00",,шт,"1 818,90", ,"1,000", ,"2,000", , ,"2,000"
"Ковер (Витебск) Вернисаж 1,60*2,30",,шт,"1 487,45","2,000", , ,"2,000","2,000","2,000","2,000"
"Ковер (Витебск) Вернисаж 1,60*2,30 ов.",,шт,"1 472,00","1,000", , ,"1,000", , , 
"Ковер (Витебск) Вернисаж 2,00*3,00",,шт,"2 400,00","1,000","1,000", ,"1,000","1,000","2,000", 
"Ковер (Витебск) Вернисаж 2,00*3,00 ов.",,шт,"3 600,00","1,000", , , ,"1,000", , 
"Ковер (Витебск) Вернисаж 2,00*4,00",,шт,"3 200,00","1,000", , ,"1,000", , ,"4,000"
"Ковер (Витебск) Вернисаж 2,00*4,00 ов.",,шт,"4 800,00", , , ,"1,000","1,000", ,"1,000"
"Ковер (Витебск) Вернисаж 2,40*3,40 ов.",,шт,"3 835,20", , , , ,"1,000", , 
Ковры (Витебск) Ренесанс,,,, , , , , , , 
"Ковер (Витебск) Ренесанс 0,80*1,50",,шт,"665,52", , , , , ,"1,000", 
"Ковер (Витебск) Ренесанс 0,80*1,50 ов.",,шт,"708,00", , , , , ,"1,000", 
Ковры (Витебск) фризе,,,, , , , , , , 
"Ковер (Витебск) фризе 0,60*1,00",,шт,"221,60", , , ,"3,000","1,000", , 
"Ковер (Витебск) фризе 0,60*1,10",,шт,"337,58", , , ,"1,000", ,"1,000","3,000"
"Ковер (Витебск) фризе 0,60*1,10 ов.",,шт,"266,77", ,"1,000", ,"1,000","1,000","3,000","2,000"
"Ковер (Витебск) фризе 0,80*1,50",,шт,"496,81","5,000", , ,"1,000","2,000","1,000","2,000"
"Ковер (Витебск) фризе 0,80*1,50 ов.",,шт,"442,32","2,000", , ,"2,000", , , 
"Ковер (Витебск) фризе 1,00*2,00",,шт,"860,00","1,000", , , , , ,"2,000"
"Ковер (Витебск) фризе 1,00*3,00 ов.",,шт,"1 105,80","1,000", , , , , , 
"Ковер (Витебск) фризе 1,50*2,00 ов.",,шт,"1 269,00","1,000", , , , , , 
"Ковер (Витебск) фризе 1,50*3,00",,шт,"1 818,90", ,"1,000", , , , , 
"Ковер (Витебск) фризе 1,50*4,00",,шт,"2 580,00", , , , , , ,"1,000"
"Ковер (Витебск) фризе 1,60*2,30",,шт,"1 556,64", , , , ,"1,000", ,"1,000"
"Ковер (Витебск) фризе 1,60*2,30 ов.",,шт,"1 487,46", ,"1,000", , , , , 
"Ковер (Витебск) фризе 2,00*2,00 ов.",,шт,"1 616,80", ,"1,000", , , , , 
"Ковер (Витебск) фризе 2,00*2,50 ов.",,шт,"2 115,00", , , , , ,"2,000", 
"Ковер (Витебск) фризе 2,00*3,00",,шт,"2 750,65","1,000","1,000","1,000", ,"2,000","4,000","1,000"
"Ковер (Витебск) фризе 2,00*3,00 ов.",,шт,"2 557,02","2,000","2,000","1,000", ,"1,000", , 
"Ковер (Витебск) фризе 2,00*4,00",,шт,"3 387,59", ,"2,000","1,000", , ,"1,000","1,000"
"Ковер (Витебск) фризе 2,00*4,00 ов.",,шт,"3 412,00", ,"1,000", ,"1,000", , , 
"Ковер (Витебск) фризе 2,00*4,90 ов.",,шт,"2 891,00","1,000", , , , , ,"1,000"
"Ковер (Витебск) фризе 2,00*5,00",,шт,"4 230,00", ,"1,000", , , ,"1,000","1,000"
"Ковер (Витебск) фризе 2,00*5,00 ов.",,шт,"4 042,00", ,"1,000", , , , ,"2,000"
"Ковер (Витебск) фризе 2,40*3,40",,шт,"3 508,53", , , , , ,"2,000","1,000"
"Ковер (Витебск) фризе 2,40*3,40 ов.",,шт,"3 022,88","1,000", , , ,"1,000", , 
"Ковер (Витебск) фризе 2,50*3,00 ов.",,шт,"2 792,25", , , , , ,"1,000", 
"Ковер (Витебск) фризе 2,50*4,00",,шт,"3 686,00", ,"2,000", , , , , 
"Ковер (Витебск) фризе 2,50*4,00 ов.",,шт,"3 686,00","1,000", , ,"1,000", , , 
"Ковер (Витебск) фризе 2,50*4,50",,шт,"4 188,38", , , , , , ,"1,000"
"Ковер (Витебск) фризе 2,50*4,50 ов.",,шт,"4 188,38", , , , , , ,"1,000"
Ковры (Витебск) хит-сет ов.,,,, , , , , , , 
"Ковер (Витебск) хит-сет 1,95*3,40 ов.(5,93)",,шт,"1 779,00","1,000", , , , , , 
Ковры (Витебск) циновка,,,, , , , , , , 
"Ковер (Витебск) циновка 0,80*1,50 ов.",,шт,"392,04", , , , ,"2,000", , 
"Ковер (Витебск) циновка 1,20*1,70 ов.",,шт,"912,35","1,000", , ,"1,000", , , 
"Ковер (Витебск) циновка 1,40*2,00 ов.",,шт,"1 001,28", , , , ,"1,000", , 
"Ковер (Витебск) циновка 1,60*2,20 ов.",,шт,"1 076,76","1,000", , , , , ,"1,000"
"Ковер (Витебск) циновка 1,60*2,30 ов.",,шт,"1 125,71", , , , ,"1,000", ,"1,000"
"Ковер (Витебск) циновка 1,70*2,40",,шт,"1 373,32", , , , ,"1,000", , 
"Ковер (Витебск) циновка 1,70*2,40 ов.",,шт,"1 015,92", , , , ,"1,000", , 
"Ковер (Витебск) циновка 2,00*2,90",,шт,"1 876,30", , , , , , ,"1,000"
"Ковер (Витебск) циновка 2,00*2,90 ов.",,шт,"1 825,26","1,000", , , ,"2,000","1,000", 
"Ковер (Витебск) циновка 2,00*3,00 ов.",,шт,"2 220,00", , , , , ,"1,000","1,000"
Ковры (Витебск) шаги,,,, , , , , , , 
"Ковер (Витебск) шаги 0,60*1,00",,шт,"268,50","1,000", , , , , , 
"Ковер (Витебск) шаги 0,60*1,00 ов.",,шт,"700,00", , , , ,"1,000", , 
"Ковер (Витебск) шаги 0,80*1,50",,шт,"1 200,00", , , , ,"1,000", , 
"Ковер (Витебск) шаги 1,00*2,00 ов.",,шт,"895,00", , , , , , ,"1,000"
"Ковер (Витебск) шаги 1,00*3,00 ов.",,шт,"1 342,50", , , , , , ,"1,000"
"Ковер (Витебск) шаги 1,50*3,00",,шт,"2 013,75", , , ,"1,000","1,000", , 
"Ковер (Витебск) шаги 1,50*4,00",,шт,"2 685,00", , , , ,"1,000","1,000", 
"Ковер (Витебск) шаги 1,60*2,30",,шт,"1 646,80", , , ,"1,000","1,000", , 
"Ковер (Витебск) шаги 2,00*3,00",,шт,"2 667,40", , , ,"1,000","1,000", , 
"Ковер (Витебск) шаги 2,00*3,00 ов.",,шт,"2 658,60", , , ,"1,000", ,"1,000", 
"Ковер (Витебск) шаги 2,00*4,00",,шт,"3 459,39","2,000","1,000","1,000","1,000", , ,"2,000"
"Ковер (Витебск) шаги 2,00*4,00 ов.",,шт,"3 580,00", , , ,"1,000","1,000", ,"1,000"
"Ковер (Витебск) шаги 2,50*3,50",,шт,"3 915,63", ,"1,000", , , , , 
"Ковер (Витебск) шаги 2,50*3,50 ов.",,шт,"3 915,63", , , , ,"1,000", , 
"Ковер (Витебск) шаги 2,50*4,00 ов.",,шт,"4 475,00", , , , , , ,"1,000"
Ковры Витебск (BCF),,,, , , , , , , 
"Ковер Витебск (BCF) 2,00*3,95 ов.",,шт,"1 339,05", , , , ,"1,000", , 
"Ковер Витебск (BCF) 2,00*5,00",,шт,"1 790,00", , , , , , ,"1,000"
"Ковер Витебск (BCF) 2,20*4,45 ов.",,шт,"1 674,09", , , , ,"1,000", , 
"Ковер (Витебск) 1,55*2,30",,шт,"998,20", , ,"1,000", , , , 
Ковры (Да Винчи) хитсэт,,,, , , , , , , 
Ковры (Да Винчи) пейзаж,,,, , , , , , , 
"Ковер (Да Винчи) пейзаж 2,00*1,40",,шт,"1 162,00", , , , ,"1,000", , 
"Ковер (Да Винчи) пейзаж 2,00*3,00",,шт,"3 312,00","1,000", , ,"1,000","2,000","1,000", 
Ковры (Да Винчи) хитсэт,,,, , , , , , , 
"Ковер (Да Винчи) хитсэт 0,80*1,50 ов.",,шт,"630,00","1,000", , , , , , 
"Ковер (Да Винчи) хитсэт 1,00*4,00",,шт,"2 100,00", , , , , ,"1,000", 
"Ковер (Да Винчи) хитсэт 1,00*4,00 ов.",,шт,"2 100,00", , , , , ,"1,000", 
"Ковер (Да Винчи) хитсэт 1,50*1,50 круг",,шт,"2 500,00","1,000", , , , , , 
"Ковер (Да Винчи) хитсэт 1,50*2,30 ов.",,шт,"1 811,25", , , , , ,"1,000", 
"Ковер (Да Винчи) хитсэт 1,50*5,00",,шт,"3 937,50","1,000", , , , , , 
"Ковер (Да Винчи) хитсэт 1,50*5,00 ов.",,шт,"3 937,50", ,"1,000", , , ,"1,000", 
"Ковер (Да Винчи) хитсэт 2,00*5,00",,шт,"4 150,00", , , , ,"1,000", , 
Ковры (Домо),,,, , , , , , , 
"Ковер (Домо) 0,80*1,50",,шт,"503,84", ,"2,000","4,000", , ,"3,000", 
"Ковер (Домо) 0,80*1,50 ов.",,шт,"502,59","2,000","1,000","4,000", , ,"2,000", 
"Ковер (Домо) 0,80*4,50",,шт,"1 488,96", , , , ,"1,000", , 
"Ковер (Домо) 1,00*1,00",,шт,"437,10", ,"3,000", , , , , 
"Ковер (Домо) 1,00*2,00",,шт,"998,60","1,000","1,000","1,000","2,000","1,000", , 
"Ковер (Домо) 1,00*2,00 ов.",,шт,"982,34","1,000","2,000", , , , , 
"Ковер (Домо) 1,20*2,00",,шт,"1 049,04", , , , , , ,"1,000"
"Ковер (Домо) 1,20*2,00 ов.",,шт,"1 049,04", , , , , , ,"1,000"
"Ковер (Домо) 1,20*2,50",,шт,"1 311,30", , , , , , ,"1,000"
"Ковер (Домо) 1,20*3,00 ов.",,шт,"1 488,96", , , , ,"1,000", , 
"Ковер (Домо) 1,20*3,50",,шт,"1 835,82", , , , , , ,"1,000"
"Ковер (Домо) 1,20*4,00",,шт,"2 098,08", , , , , , ,"1,000"
"Ковер (Домо) 1,50*2,30",,шт,"1 937,66", , ,"1,000", ,"2,000","1,000", 
"Ковер (Домо) 1,50*2,30 ов.",,шт,"1 758,99","1,000","1,000","1,000","1,000","1,000", ,"2,000"
"Ковер (Домо) 1,50*3,00",,шт,"1 882,35", ,"1,000","1,000","1,000", , , 
"Ковер (Домо) 1,50*3,00 ов.",,шт,"1 966,95", ,"1,000", , , , , 
"Ковер (Домо) 1,50*4,00",,шт,"2 793,00", , , , , ,"1,000", 
"Ковер (Домо) 2,00*3,00",,шт,"2 642,79", ,"1,000","1,000", ,"1,000", , 
"Ковер (Домо) 2,00*3,00 ов.",,шт,"2 562,44", ,"2,000","2,000", , , , 
"Ковер (Домо) 2,00*4,00",,шт,"3 371,25","1,000", ,"3,000", , , , 
"Ковер (Домо) 2,00*4,00 ов.",,шт,"3 412,20", , ,"1,000", ,"2,000", , 
"Ковер (Домо) 2,00*5,00 ов.",,шт,"4 230,00", , ,"1,000", , , , 
"Ковер (Домо) 2,50*3,00 ов.",,шт,"3 102,00", ,"1,000", , , , , 
"Ковер (Домо) 2,50*3,50 ов.",,шт,"3 824,63", ,"1,000", , , , , 
"Ковер (Домо) 2,80*3,80",,шт,"4 245,36", ,"1,000", , , , , 
Ковры (Емма),,,, , , , , , , 
"Ковер (Емма) 1,50*2,30",,шт,"3 567,30", ,"1,000", , , , , 
"Ковер (Емма) 2,00*2,90",,шт,"6 380,00", , , , , , ,"1,000"
Ковры (Измир),,,, , , , , , , 
"Ковер (Измир) 1,50*5,00",,шт,"4 687,50", , , , , ,"1,000", 
"Ковер (Измир) 2,00*3,00 ов.",,шт,"3 750,00", , , , ,"1,000","1,000", 
Ковры (Караван) BCF,,,, , , , , , , 
"Ковер (Караван) BCF 0,60*1,00",,шт,"198,65", , , , , ,"2,000", 
"Ковер (Караван) BCF 0,80*1,50 ов.",,шт,"504,38","4,000", , , , , , 
"Ковер (Караван) BCF 1,50*4,00",,шт,"2 029,20", , , , , , ,"1,000"
"Ковер (Караван) BCF 1,80*2,60 ов.",,шт,"1 582,77", , , , , ,"1,000", 
"Ковер (Караван) BCF 2,00*3,00",,шт,"2 029,20","1,000", , , , , , 
Ковры (Карат),,,, , , , , , , 
"Ковер (Карат) 0,80*1,25",,шт,"960,00", , , , , , ,"1,000"
"Ковер (Карат) 1,00*2,00",,шт,"1 660,00", , , , , , ,"1,000"
"Ковер (Карат) 1,00*3,00",,шт,"2 490,00", , , , , , ,"1,000"
"Ковер (Карат) 1,00*3,00 ов.",,шт,"2 490,00", , , , , , ,"1,000"
Ковры (Карвинг),,,, , , , , , , 
Ковры (Анатолия) карвинг,,,, , , , , , , 
"Ковер (Анатолия) карвинг 2,50*4,00 ов.",,шт,"5 300,00", , , , , , ,"1,000"
Ковры (Витебск) фризе карвинг,,,, , , , , , , 
"Ковер (Витебск) фризе карвинг 0,80*1,50",,шт,"588,00", , , , , , ,"2,000"
"Ковер (Витебск) фризе карвинг 1,00*2,00",,шт,"980,00", , , , , ,"1,000", 
"Ковер (Витебск) фризе карвинг 2,00*4,00",,шт,"3 920,00", , , , ,"1,000", , 
"Ковер (Витебск) фризе карвинг 2,40*3,40",,шт,"5 424,50", , , , ,"1,000", , 
"Ковер (Витебск) фризе карвинг 2,50*5,00",,шт,"6 125,00","1,000","1,000", , , , , 
"Ковер (Витебск) фризе карвинг 2,50*5,00 ов.",,шт,"6 625,00", , , , , ,"1,000", 
Ковры (Камея) карвинг,,,, , , , , , , 
"Ковры (Камея) карвинг 2,00*4,00 ов.",,шт,"5 160,00", , , , , , ,"1,000"
"Ковры (Камея) карвинг 2,00*4,50",,шт,"5 805,00", , ,"1,000", , , , 
Ковры (Турция) карвинг,,,, , , , , , , 
"Ковер (Т.ИК) 0,80*1,50",,шт,"840,00", , , , , , ,"3,000"
"Ковер (Т.ИК) 0,80*1,50 ов.",,шт,"840,00", , , , , , ,"2,000"
"Ковер (Т.ИК) 1,00*2,00",,шт,"1 040,00","1,000", , , , , ,"1,000"
"Ковер (Т.ИК) 1,00*3,00",,шт,"1 560,00","1,000", , , , ,"1,000", 
"Ковер (Т.ИК) 1,50*1,50 ов.",,шт,"1 632,15", ,"1,000", , , , , 
"Ковер (Т.ИК) 1,50*2,30",,шт,"1 945,27", ,"1,000","2,000", , , ,"1,000"
"Ковер (Т.ИК) 1,50*3,00",,шт,"3 150,00", , ,"2,000", , , , 
"Ковер (Т.ИК) 1,50*3,00 ов.",,шт,"3 172,50", , ,"2,000", , ,"1,000","1,000"
"Ковер (Т.ИК) 1,50*4,00",,шт,"4 200,00", , ,"2,000", ,"1,000","1,000", 
"Ковер (Т.ИК) 1,50*4,00 ов.",,шт,"4 218,72", , ,"2,000", ,"2,000", ,"1,000"
"Ковер (Т.ИК) 2,00*2,00",,шт,"2 080,00", , , ,"1,000", , , 
"Ковер (Т.ИК) 2,00*2,00 ов.",,шт,"2 353,87","1,000","1,000", , , , ,"1,000"
"Ковер (Т.ИК) 2,00*3,00",,шт,"2 968,20", ,"1,000","2,000", , , ,"1,000"
"Ковер (Т.ИК) 2,00*3,00 ов.",,шт,"4 785,94", ,"3,000","1,000", ,"1,000", ,"2,000"
"Ковер (Т.ИК) 2,00*4,00",,шт,"5 254,93","1,000", , ,"1,000","3,000","1,000", 
"Ковер (Т.ИК) 2,00*4,00 ов",,шт,"5 640,00", , , , , ,"1,000", 
"Ковер (Т.ИК) 2,00*4,50",,шт,"4 680,00","1,000", , , ,"1,000", , 
"Ковер (Т.ИК) 2,00*5,00",,шт,"4 969,16","1,000", ,"1,000","1,000", ,"1,000","1,000"
"Ковер (Т.ИК) 2,00*5,00 ов.",,шт,"5 702,58", , ,"1,000", ,"2,000", ,"1,000"
"Ковер (Т.ИК) 2,50*3,50",,шт,"4 637,50", ,"1,000", , , , , 
"Ковер (Т.ИК) 2,50*3,50 ов.",,шт,"4 637,50", , ,"2,000", , , , 
"Ковер (Т.ИК) 2,50*4,00",,шт,"5 300,00", , , , , , ,"1,000"
"Ковер (Т.ИК) 2,50*4,00 ов.",,шт,"5 300,00","1,000", , , , , , 
"Ковер (Т.ИК) 2,50*4,50",,шт,"5 962,50", , ,"1,000", , , , 
"Ковер (Т.ИК) 2,50*5,00",,шт,"6 680,00", , ,"1,000", , , , 
"Ковер (Т.ИК) 2,50*5,00 ов.",,шт,"6 643,33", , ,"1,000", , , ,"2,000"
"Ковер (Т.ИК) 3,00*4,00",,шт,"9 180,00", , , , , ,"1,000","1,000"
"Ковер (Т.ИК) 3,00*4,00 ов.",,шт,"7 108,52", , ,"1,000", ,"1,000","1,000","1,000"
"Ковер (Т.ИК) 3,00*5,00",,шт,"7 950,00","1,000","1,000", , , , , 
"Ковер (Т.ИК) 3,00*5,00 ов.",,шт,"8 031,36","1,000", ,"2,000", ,"1,000","1,000","2,000"
Ковры (Каскад),,,, , , , , , , 
"Ковер (Каскад) 0,80*1,50",,шт,"505,92", , ,"1,000", , , ,"2,000"
"Ковер (Каскад) 0,80*1,50 ов.",,шт,"740,40", ,"1,000","1,000", , , ,"2,000"
"Ковер (Каскад) 1,00*1,00 ов.",,шт,"611,00","1,000", , , , ,"1,000","2,000"
"Ковер (Каскад) 1,00*2,00",,шт,"1 206,33", , ,"1,000", , , ,"2,000"
"Ковер (Каскад) 1,00*2,00 ов.",,шт,"1 209,47", , ,"1,000", , ,"1,000","1,000"
"Ковер (Каскад) 1,00*4,00",,шт,"2 368,80", , , , ,"1,000", ,"1,000"
"Ковер (Каскад) 1,50*1,50 ов.",,шт,"1 390,80", ,"1,000","2,000", , , , 
"Ковер (Каскад) 1,50*2,30",,шт,"2 140,07", ,"1,000","1,000", ,"1,000","1,000","1,000"
"Ковер (Каскад) 1,50*2,30 ов.",,шт,"2 148,78", ,"1,000","1,000", , ,"1,000","2,000"
"Ковер (Каскад) 1,50*3,00",,шт,"2 800,58", , ,"1,000", ,"1,000", ,"2,000"
"Ковер (Каскад) 1,50*3,00 ов.",,шт,"2 751,71", ,"1,000","1,000", ,"1,000", ,"2,000"
"Ковер (Каскад) 1,50*4,00",,шт,"3 730,20", , , , ,"1,000", ,"1,000"
"Ковер (Каскад) 1,50*4,00 ов.",,шт,"3 666,00", , , , , , ,"1,000"
"Ковер (Каскад) 1,60*2,30",,шт,"2 248,48", ,"1,000", , , , , 
"Ковер (Каскад) 2,00*2,00 ов.",,шт,"2 444,00", , , , , , ,"1,000"
"Ковер (Каскад) 2,00*3,00",,шт,"3 624,00", , ,"3,000", , ,"1,000","1,000"
"Ковер (Каскад) 2,00*3,00 ов.",,шт,"3 668,48", ,"2,000","3,000", ,"1,000","1,000","2,000"
"Ковер (Каскад) 2,00*4,00",,шт,"4 916,53","1,000", ,"1,000", , ,"1,000","3,000"
"Ковер (Каскад) 2,00*4,00 ов.",,шт,"4 908,40", ,"1,000","1,000", , ,"1,000","1,000"
"Ковер (Каскад) 2,50*3,50",,шт,"3 564,17", ,"1,000","1,000", , , ,"1,000"
"Ковер (Каскад) 2,50*3,50 ов.",,шт,"5 346,25", , ,"1,000", , , ,"1,000"
"Ковер (Каскад) 2,50*4,00",,шт,"6 324,00", , , , , , ,"1,000"
"Ковер (Каскад) 2,50*4,00 ов.",,шт,"6 324,00", , , , , , ,"1,000"
Ковры (Квест),,,, , , , , , , 
"Ковер (Квест) 1,60*2,30 ов.",,шт,"2 144,70", , ,"1,000", , , , 
"Ковер (Квест) 1,60*3,00 ов.",,шт,"2 797,44", , , , , ,"1,000", 
Ковры (Китай),,,, , , , , , , 
Китай (акрил),,,, , , , , , , 
"Ковер (Китай) 0,80*1,50",,шт,"1 140,00", , , , , ,"1,000", 
"Ковер (Китай) 1,10*1,70",,шт,"1 776,50", , , , , , ,"1,000"
"Ковер (Китай) 1,40*2,20",,шт,"2 987,60", , , , , ,"1,000", 
"Ковер (Китай) 1,80*3,60 ов",,шт,"5 961,27","1,000", , , , , , 
"Ковер (Китай) 2,00*2,00",,шт,"3 600,00", , , , , , ,"1,000"
"Ковер (Китай) 2,00*3,00",,шт,"5 700,00", , , , ,"1,000", , 
"Ковер (Китай) 2,30*3,20 ов.",,шт,"7 139,20", , , , ,"1,000", , 
"Ковер (Китай) 2,60*3,60",,шт,"9 610,70", , , , ,"1,000", , 
Ковры (Комфорт),,,, , , , , , , 
"Ковер (Комфорт) 0,60*1,10",,шт,"409,27", , ,"4,000", ,"9,000","1,000","3,000"
"Ковер (Комфорт) 0,60*1,10 ов.",,шт,"336,11","2,000", ,"6,000", ,"2,000","2,000","4,000"
"Ковер (Комфорт) 0,80*1,50",,шт,"688,74", ,"4,000","2,000","2,000","4,000", , 
"Ковер (Комфорт) 0,80*1,50 ов.",,шт,"610,33", ,"1,000","2,000", ,"4,000","3,000", 
"Ковер (Комфорт) 1,00*2,00",,шт,"1 005,20", , , ,"1,000","1,000","1,000", 
"Ковер (Комфорт) 1,00*2,00 ов.",,шт,"1 028,40", ,"1,000", , ,"1,000", , 
"Ковер (Комфорт) 1,20*1,80 ов.",,шт,"1 124,93", , , ,"1,000", , , 
"Ковер (Комфорт) 1,50*2,30",,шт,"2 455,77", , , , ,"1,000","2,000", 
"Ковер (Комфорт) 1,50*2,30 ов.",,шт,"1 806,42", , ,"1,000", ,"1,000", , 
"Ковер (Комфорт) 1,50*3,00",,шт,"2 284,20", , , , , ,"2,000","1,000"
"Ковер (Комфорт) 1,50*3,00 ов.",,шт,"2 299,05", , , , ,"2,000", ,"2,000"
"Ковер (Комфорт) 1,50*4,00",,шт,"3 045,60", , ,"1,000", , ,"1,000", 
"Ковер (Комфорт) 1,50*4,00 ов.",,шт,"3 040,03", , ,"1,000", , , ,"2,000"
"Ковер (Комфорт) 2,00*3,00",,шт,"3 074,69", , , ,"1,000","2,000","1,000","1,000"
"Ковер (Комфорт) 2,00*3,00 ов.",,шт,"3 535,29","1,000", ,"2,000","1,000","1,000", , 
"Ковер (Комфорт) 2,00*4,00",,шт,"4 111,05", , , ,"1,000", ,"1,000", 
"Ковер (Комфорт) 2,00*4,00 ов.",,шт,"4 096,00", , ,"1,000", ,"2,000", , 
"Ковер (Комфорт) 2,00*5,00 ов.",,шт,"4 982,00", , , , ,"1,000", , 
"Ковер (Комфорт) 2,50*4,00 ов.",,шт,"5 208,00", , , ,"1,000", , , 
"Ковер (Комфорт) 3,00*4,00",,шт,"6 249,60", , , , ,"1,000", , 
Ковры (Круиз),,,, , , , , , , 
"Ковер (Круиз) 0,60*1,10",,шт,"310,20","2,000", ,"2,000", ,"1,000", ,"1,000"
"Ковер (Круиз) 0,60*1,10 ов.",,шт,"310,20","4,000", ,"4,000", , ,"2,000", 
"Ковер (Круиз) 0,80*1,50",,шт,"727,28", , ,"6,000", ,"4,000","2,000", 
"Ковер (Круиз) 0,80*1,50 ов.",,шт,"564,00", , ,"7,000","2,000","2,000","1,000", 
"Ковер (Круиз) 0,80*2,00",,шт,"736,96", , , , ,"1,000", , 
"Ковер (Круиз) 0,80*2,00 ов.",,шт,"736,96", , , , ,"1,000", , 
"Ковер (Круиз) 0,80*5,00",,шт,"1 842,40", , , , ,"1,000", , 
"Ковер (Круиз) 1,00*2,00",,шт,"991,00", ,"2,000","1,000", , , , 
"Ковер (Круиз) 1,00*2,00 ов.",,шт,"983,56", , , ,"2,000","1,000", , 
"Ковер (Круиз) 1,00*3,00",,шт,"1 410,00","1,000", , , , , , 
"Ковер (Круиз) 1,00*3,00 ов.",,шт,"1 410,00","1,000", , , , , ,"2,000"
"Ковер (Круиз) 1,00*4,00",,шт,"1 880,00", , , ,"1,000", , , 
"Ковер (Круиз) 1,50*2,30",,шт,"1 615,11","1,000", , ,"1,000", ,"2,000","1,000"
"Ковер (Круиз) 1,50*2,30 ов.",,шт,"1 615,72","1,000", , , ,"1,000","1,000","2,000"
"Ковер (Круиз) 1,50*3,00",,шт,"2 181,53", , , ,"2,000","1,000","1,000", 
"Ковер (Круиз) 1,50*4,00",,шт,"2 964,22", , , ,"1,000", , ,"1,000"
"Ковер (Круиз) 1,50*4,00 ов.",,шт,"2 858,00","1,000", ,"1,000", ,"1,000","1,000", 
"Ковер (Круиз) 1,80*3,00",,шт,"2 538,00", , ,"2,000", , , , 
"Ковер (Круиз) 1,80*4,00",,шт,"3 384,00", , ,"2,000", , , , 
"Ковер (Круиз) 2,00*3,00",,шт,"2 915,35","1,000", , , , ,"1,000", 
"Ковер (Круиз) 2,00*3,00 ов.",,шт,"2 820,00", , ,"3,000", , ,"1,000", 
"Ковер (Круиз) 2,00*4,00 ов.",,шт,"3 760,00","1,000","1,000","2,000", , ,"1,000","1,000"
"Ковер (Круиз) 2,00*5,00",,шт,"4 418,00", , , , , ,"1,000", 
"Ковер (Круиз) 2,00*5,00 ов.",,шт,"4 700,00", , , , , ,"2,000", 
"Ковер (Круиз) 2,50*3,50",,шт, , , ,"1,000", , , , 
"Ковер (Круиз) 2,50*4,00",,шт,"4 418,00","1,000", , , , , , 
"Ковер (Круиз) 2,50*4,00 ов.",,шт,"4 637,33","1,000", , , ,"2,000", , 
"Ковер (Круиз) 3,00*4,00",,шт,"5 721,60", , ,"1,000", ,"1,000", , 
Ковры (Лагуна BCF),,,, , , , , , , 
"Ковер (Лагуна BCF) 0,80*1,50 ов.",,шт,"324,00", , , , ,"3,000", , 
"Ковер (Лагуна BCF) 1,00*2,00",,шт,"570,00", , , ,"1,000","1,000", , 
"Ковер (Лагуна BCF) 1,00*2,00 ов.",,шт,"570,00", , , ,"1,000", , , 
"Ковер (Лагуна BCF) 1,50*4,00 ов.",,шт,"1 620,00", , , ,"2,000","1,000", , 
"Ковер (Лагуна BCF) 2,00*4,00 ов.",,шт,"2 160,00", , , ,"1,000", , , 
Ковры (Лайла де Люкс),,,, , , , , , , 
"Ковер (Лайла де люкс) 0,60*1,00",,шт,"167,63","2,000", ,"24,000","6,000","8,000","1,000","2,000"
"Ковер (Лайла де люкс) 0,60*1,00 ов.",,шт,"168,45","1,000","2,000","16,000","6,000","9,000", ,"3,000"
"Ковер (Лайла де люкс) 0,70*1,40",,шт,"277,62", , ,"28,000","4,000","2,000", ,"4,000"
"Ковер (Лайла де люкс) 0,70*1,40 ов.",,шт,"278,68", , ,"28,000","6,000","3,000", ,"2,000"
"Ковер (Лайла де люкс) 0,80*1,50",,шт,"357,78","3,000","2,000","24,000","6,000","8,000", ,"2,000"
"Ковер (Лайла де люкс) 0,80*1,50 ов.",,шт,"337,75","6,000", ,"44,000","7,000","6,000", , 
"Ковер (Лайла де люкс) 1,00*2,00",,шт,"577,34", , ,"8,000","5,000","1,000", ,"1,000"
"Ковер (Лайла де люкс) 1,00*2,00 ов.",,шт,"554,24", , ,"10,000","6,000","1,000", ,"2,000"
"Ковер (Лайла де люкс) 1,00*3,00",,шт,"836,92", ,"2,000","5,000","1,000","1,000","1,000","1,000"
"Ковер (Лайла де люкс) 1,00*3,00 ов.",,шт,"878,79", ,"1,000","4,000","1,000","1,000", ,"1,000"
"Ковер (Лайла де люкс) 1,00*4,00",,шт,"1 554,60", , , , ,"1,000", ,"1,000"
"Ковер (Лайла де люкс) 1,00*4,00 ов.",,шт,"2 000,00", , , , , , ,"1,000"
"Ковер (Лайла де люкс) 1,20*1,50",,шт,"613,35", ,"1,000", , , , , 
"Ковер (Лайла де люкс) 1,20*1,80",,шт,"622,96","1,000", ,"2,000","2,000","1,000", ,"1,000"
"Ковер (Лайла де люкс) 1,40*1,90",,шт,"773,95","1,000","1,000","8,000","3,000","1,000","1,000","3,000"
"Ковер (Лайла де люкс) 1,40*1,90 ов.",,шт,"766,79", , ,"12,000","3,000","1,000", ,"4,000"
"Ковер (Лайла де люкс) 1,40*2,90",,шт,"1 127,10","1,000", ,"6,000","2,000","1,000","1,000","2,000"
"Ковер (Лайла де люкс) 1,40*2,90 ов.",,шт,"1 132,78", , ,"5,000","3,000", , ,"3,000"
"Ковер (Лайла де люкс) 1,40*3,90 ов.",,шт,"1 488,40", , , , ,"1,000", , 
"Ковер (Лайла де люкс) 1,50*2,00 ов.",,шт,"831,90", , , ,"1,000","1,000", , 
"Ковер (Лайла де люкс) 1,50*3,00 ов.",,шт,"1 247,85", , , ,"1,000", , , 
"Ковер (Лайла де люкс) 1,50*4,00",,шт,"1 663,80", , , ,"1,000", , ,"3,000"
"Ковер (Лайла де люкс) 1,50*4,00 ов.",,шт,"1 886,50", , , ,"1,000", ,"1,000","1,000"
"Ковер (Лайла де люкс) 1,50*4,50",,шт,"1 840,05", ,"1,000", , , , , 
"Ковер (Лайла де люкс) 1,50*4,60",,шт,"1 880,94", , , , ,"1,000", , 
"Ковер (Лайла де люкс) 1,60*2,30",,шт,"1 020,45", , ,"1,000", , , ,"1,000"
"Ковер (Лайла де люкс) 1,80*2,60",,шт,"1 978,26", , ,"2,000", ,"1,000","1,000", 
"Ковер (Лайла де люкс) 1,80*2,60 ов.",,шт,"1 284,54","1,000", ,"2,000","1,000", , ,"1,000"
"Ковер (Лайла де люкс) 1,80*3,60",,шт,"2 237,20","1,000", ,"1,000", , , , 
"Ковер (Лайла де люкс) 1,80*3,60 ов.",,шт,"1 796,90", , , ,"1,000", , ,"1,000"
"Ковер (Лайла де люкс) 1,80*4,60",,шт,"2 296,04", ,"2,000", , , , , 
"Ковер (Лайла де люкс) 1,80*4,60 ов.",,шт,"2 296,04", , , , ,"1,000", , 
"Ковер (Лайла де люкс) 2,00*3,00",,шт,"1 824,26","1,000","4,000","5,000","4,000","4,000","3,000","3,000"
"Ковер (Лайла де люкс) 2,00*3,00 ов.",,шт,"1 679,94", , ,"8,000","4,000","2,000", ,"2,000"
"Ковер (Лайла де люкс) 2,00*4,00",,шт,"2 295,58", ,"1,000","7,000","2,000","1,000", ,"2,000"
"Ковер (Лайла де люкс) 2,00*4,00 ов.",,шт,"2 234,29", , ,"7,000","4,000","3,000", ,"2,000"
"Ковер (Лайла де люкс) 2,00*5,00",,шт,"2 794,17", , , ,"2,000","1,000", , 
"Ковер (Лайла де люкс) 2,00*5,00 ов.",,шт,"2 773,00", ,"1,000", ,"1,000","1,000", ,"2,000"
"Ковер (Лайла де люкс) 2,40*3,40",,шт,"2 505,38", ,"1,000", ,"1,000","1,000", ,"1,000"
"Ковер (Лайла де люкс) 2,40*3,40 ов.",,шт,"2 288,68", ,"1,000", ,"1,000", , , 
"Ковер (Лайла де люкс) 2,40*4,00",,шт,"2 662,08", ,"1,000", , , , , 
"Ковер (Лайла де люкс) 2,40*4,00 ов.",,шт,"2 662,08", , , ,"1,000", , , 
"Ковер (Лайла де люкс) 2,40*5,00",,шт,"3 440,40", , , , , , ,"2,000"
"Ковер (Лайла де люкс) 3,00*4,00",,шт,"3 365,70", , , , , , ,"1,000"
"Ковер (Лайла де люкс) 3,00*5,00",,шт,"4 159,50", ,"1,000", , , , ,"1,000"
"Ковер (Лайла де люкс) 3,00*5,00 ов.",,шт,"4 159,50", ,"1,000", , , , , 
Ковры (Лидер) BCF,,,, , , , , , , 
"Ковер (Лидер) BCF 0,60*1,00",,шт,"400,00", , , , , ,"1,000", 
"Ковер (Лидер) BCF 0,80*1,50",,шт,"800,00","4,000", , , , , , 
"Ковер (Лидер) BCF 0,80*1,50 ов.",,шт,"405,84", , , , , ,"1,000", 
"Ковер (Лидер) BCF 1,50*4,00",,шт,"2 029,20", , , , , , ,"1,000"
"Ковер (Лидер) BCF 2,00*3,00 ов.",,шт,"2 029,20", , , ,"1,000", , , 
"Ковер (Лидер) BCF 2,00*4,00 ов.",,шт,"2 705,60", , , ,"1,000", , , 
Ковры (Люберцы),,,, , , , , , , 
Золушка,,,, , , , , , , 
"Ковер (Люберцы) Золушка 0,80*1,50",,шт,"320,76", , , ,"1,000", ,"2,000","1,000"
"Ковер (Люберцы) Золушка 0,80*1,50 ов.",,шт,"320,76","1,000", , , , ,"1,000", 
"Ковер (Люберцы) Золушка 1,00*3,00 ов.",,шт,"801,90","1,000", , , , , , 
"Ковер (Люберцы) Золушка 1,50*2,05",,шт,"821,94","2,000", , , , , , 
"Ковер (Люберцы) Золушка 1,50*3,00",,шт,"1 202,85", , , , , , ,"1,000"
"Ковер (Люберцы) Золушка 1,50*4,00",,шт,"1 603,80","1,000", , , , , , 
"Ковер (Люберцы) Золушка 1,80*1,80 ов.",,шт,"866,05","1,000", , , ,"1,000", , 
"Ковер (Люберцы) Золушка 1,80*3,50",,шт,"1 683,99", , , ,"1,000","1,000", , 
"Ковер (Люберцы) Золушка 1,80*3,55",,шт,"1 708,05", , , , , ,"1,000", 
"Ковер (Люберцы) Золушка 1,80*3,55 ов.",,шт,"1 708,05", , , , , ,"1,000", 
"Ковер (Люберцы) Золушка 1,80*4,55",,шт,"2 189,19", , , , , ,"1,000", 
"Ковер (Люберцы) Золушка 2,00*3,00",,шт,"1 603,80", ,"1,000", , , , , 
"Ковер (Люберцы) Золушка 2,00*3,00 ов.",,шт,"1 603,80","1,000", , , , ,"2,000", 
"Ковер (Люберцы) Золушка 2,00*4,00",,шт,"2 758,93","1,000", , , , , ,"2,000"
"Ковер (Люберцы) Золушка 2,00*4,00 ов.",,шт,"3 708,36", , ,"1,000", , ,"1,000", 
"Ковер (Люберцы) Золушка 2,00*5,00",,шт,"2 673,00", , , , , ,"1,000", 
"Ковер (Люберцы) Золушка 2,00*5,00 ов.",,шт,"2 673,00","1,000", , , ,"1,000","1,000", 
"Ковер (Люберцы) Золушка 2,50*4,00",,шт,"3 821,10", , ,"2,000","1,000", ,"2,000", 
"Ковер (Люберцы) Золушка 2,50*4,00 ов.",,шт,"2 673,00","1,000", , ,"1,000","1,000", ,"1,000"
"Ковер (Люберцы) Золушка 2,50*5,00",,шт,"3 341,25","1,000", , , , , , 
"Ковер (Люберцы) Золушка 2,60*3,55 ов.",,шт,"2 467,18", , , ,"1,000","1,000", , 
"Ковер (Люберцы) Золушка 2,60*4,55 ов.",,шт,"3 162,16", , , ,"1,000", , , 
"Ковер (Люберцы) Золушка 2,60*5,55",,шт,"3 757,57", , , , , ,"1,000", 
"Ковер (Люберцы) Золушка 3,00*4,00",,шт,"3 207,60","1,000", , , , , , 
"Ковер (Люберцы) Золушка 3,00*5,00",,шт,"4 009,50", , ,"1,000", , , , 
Пейзаж,,,, , , , , , , 
"Ковер (Люберцы) пейзаж 2,00*3,00",,шт,"2 460,00", ,"1,000", , , , , 
Ковры (Люксор),,,, , , , , , , 
"Ковер (Люксор) 1,50*2,30 ов.",,шт,"2 951,82", , , , ,"1,000", , 
"Ковер (Люксор) 1,50*3,00 ов.",,шт,"3 850,20", ,"2,000", , , , , 
"Ковер (Люксор) 2,00*3,00 ов.",,шт,"5 005,80", ,"1,000", , ,"2,000", ,"1,000"
Ковры (Молдова),,,, , , , , , , 
Ковер (Вива) шаги,,,, , , , , , , 
"Ковер (Вива) шаги 0,60*1,00 ов.",,шт,"367,56", , , , ,"1,000", ,"1,000"
"Ковер (Вива) шаги 1,20*1,80 ов.",,шт,"1 323,22", , , , ,"2,000", , 
"Ковер (Вива) шаги 1,60*2,30 ов.",,шт,"2 254,37","1,000", , , , , , 
Ковер (Молдова) пейзаж,,,, , , , , , , 
"Ковер (Молдова) пейзаж 2,00*3,00",,шт,"1 380,00", , , , , ,"1,000", 
Ковер (Молдова) шаги,,,, , , , , , , 
"Ковер (Молдова) шаги 2,00*4,00",,шт,"4 600,00","1,000", , , , , , 
Ковры (Молдова) Конфетти,,,, , , , , , , 
"Ковер (Молдова) Конфетти 0,80*1,50",,шт,"511,20", , , ,"2,000","1,000", , 
Ковры (Молдова) Лотус,,,, , , , , , , 
"Ковер (Молдова) Лотус 0,80*1,50",,шт,"462,00", , , , , , ,"2,000"
"Ковер (Молдова) Лотус 0,80*1,50 ов.",,шт,"661,92", , , , , , ,"1,000"
"Ковер (Молдова) Лотус 2,00*3,00",,шт,"2 352,00", , , ,"1,000", , , 
"Ковер (Молдова) 2,00*4,00",,шт,"2 960,00", , , , , , ,"1,000"
"Ковер (Молдова) 2,20*4,00",,шт,"1 922,80","1,000", , , , , , 
"Ковер (Молдова) 2,50*5,00",,шт,"4 011,25", , , , , , ,"1,000"
"Ковер (Молдова) 2,50*5,00 ов.",,шт,"4 011,25", , , , , , ,"1,000"
"Ковер (Молдова) 2,60*4,50 ов.",,шт,"2 533,05", , , , ,"1,000", , 
"Ковер (Молдова) 3,00*4,00 ов.",,шт,"4 440,00", , , , , , ,"1,000"
Ковры (Назенде),,,, , , , , , , 
"Ковер (Назенде) 1,20*1,20 ов.",,шт,"2 232,00", , , , , , ,"1,000"
"Ковер (Назенде) 1,60*2,30",,шт,"5 704,00", , , , , , ,"1,000"
Ковры (Олимпос),,,, , , , , , , 
"Ковер (Олимпос) 0,80*1,50 ов.",,шт,"1 350,00", , , , ,"1,000", , 
Ковры (Омега) хитсет,,,, , , , , , , 
"Ковер (Омега) хитсет 1,50*5,00",,шт,"4 631,25", , , ,"1,000", , ,"1,000"
"Ковер (Омега) хитсет 1,50*5,00 ов.",,шт,"4 631,25", , , , ,"1,000", , 
"Ковер (Омега) хитсет 2,00*4,00 ов.",,шт,"4 940,00", , , , , ,"1,000", 
Ковры (Ривьера Акварель),,,, , , , , , , 
"Ковры (Ривьера Акварель) 1,60*2,40",,шт,"1 402,36", ,"1,000", , ,"1,000", ,"3,000"
Ковры (Самарканд),,,, , , , , , , 
"Ковер (Самарканд) 1,60*2,30 ов.",,шт,"2 971,60", , , ,"1,000", , ,"1,000"
Ковры (Санрайз) фризе,,,, , , , , , , 
"Ковер (Санрайз) фризе 1,00*2,00",,шт,"1 000,00", , , ,"1,000", , , 
"Ковер (Санрайз) фризе 1,00*4,00 ов.",,шт,"1 600,00", , , , ,"1,000","1,000", 
"Ковер (Санрайз) фризе 1,50*5,00 ов.",,шт,"3 000,00", , , , ,"1,000", , 
"Ковер (Санрайз) фризе 2,00*4,00 ов.",,шт,"4 000,00", , , , ,"1,000", , 
Ковры (Супер Акварель),,,, , , , , , , 
"Ковер (Супер Акварель) 0,80*1,50",,шт,"558,60", , , , , , ,"3,000"
"Ковер (Супер Акварель) 1,00*2,00 ов.",,шт,"996,40", , , , , , ,"1,000"
"Ковер (Супер Акварель) 1,00*3,00",,шт,"1 522,80","1,000", , , ,"1,000","2,000", 
"Ковер (Супер Акварель) 1,00*3,00 ов.",,шт,"1 438,20", , , , , ,"1,000", 
"Ковер (Супер Акварель) 1,20*1,80",,шт,"1 046,52", , , , , , ,"1,000"
"Ковер (Супер Акварель) 1,50*1,50 ов.",,шт,"1 382,33","1,000", , , , ,"1,000","1,000"
"Ковер (Супер Акварель) 1,50*2,30",,шт,"1 917,31", , , , , , ,"1,000"
"Ковер (Супер Акварель) 1,50*3,00",,шт,"2 500,88", , , ,"1,000", , , 
"Ковер (Супер Акварель) 1,50*3,00 ов.",,шт,"2 500,87", ,"1,000", , , , , 
"Ковер (Супер Акварель) 1,50*4,00",,шт,"2 791,70", , , , , , ,"1,000"
"Ковер (Супер Акварель) 2,00*2,00 ов.",,шт,"3 158,80", , , , , ,"2,000", 
"Ковер (Супер Акварель) 2,00*3,00 ов.",,шт,"2 907,00", ,"1,000", , , , , 
"Ковер (Супер Акварель) 2,00*3,50",,шт,"3 553,20", , , , , ,"1,000", 
"Ковер (Супер Акварель) 2,00*3,50 ов.",,шт,"3 487,40","1,000", , , ,"1,000", ,"1,000"
"Ковер (Супер Акварель) 2,00*4,00",,шт,"4 446,00", , , , , , ,"1,000"
"Ковер (Супер Акварель) 2,00*4,00 ов.",,шт,"3 760,00", , , ,"1,000", ,"1,000","1,000"
"Ковер (Супер Акварель) 2,00*5,00",,шт,"4 655,00", , , , , , ,"1,000"
Ковры (Табриз),,,, , , , , , , 
"Ковер (Табриз) 2,00*2,90",,шт,"4 962,48", , , , ,"1,000", , 
Ковры (Тифани),,,, , , , , , , 
"Ковер (Тифани) 0,80*1,50",,шт,"1 200,00","1,000", , , ,"1,000","3,000","1,000"
"Ковер (Тифани) 1,20*1,60",,шт,"1 920,00", , , , ,"1,000", , 
Ковры (Турция),,,, , , , , , , 
Ковры (Турция) вижен,,,, , , , , , , 
"Ковер (Турция) вижен 1,00*4,00",,шт,"2 392,00", , , ,"1,000", , , 
"Ковер (Турция) вижен 2,00*2,00 круг",,шт,"2 272,40", , , , , , ,"1,000"
Ковры (турция) вискоза,,,, , , , , , , 
"Ковер (Турция) вискоза 0,8*1,5 ов.",,шт,"780,00", , , , , , ,"2,000"
"Ковер (Турция) вискоза 1,9*2,9",,шт,"3 416,20", ,"1,000", , , , , 
Ковры (Турция) гладкая,,,, , , , , , , 
"Ковер (Турция) 0,80*1,50",,шт,"576,00","3,000", , , , , ,"2,000"
"Ковер (Турция) 0,80*1,50 ов.",,шт,"420,00", , , , , , ,"1,000"
"Ковер (Турция) 1,00*2,00",,шт,"700,00", , , , , , ,"1,000"
"Ковер (Турция) 1,50*2,30",,шт,"3 450,00", , ,"1,000", , , , 
"Ковер (Турция) 1,50*3,00",,шт,"2 691,00", , , , , , ,"1,000"
"Ковер (Турция) 1,50*4,00",,шт,"3 900,00", , , , , , ,"1,000"
"Ковер (Турция) 2,00*3,00",,шт,"3 560,31","2,000", ,"1,000","1,000","2,000", , 
"Ковер (Турция) 2,00*4,00",,шт,"4 784,00", , , , ,"1,000", , 
"Ковер (Турция) 2,00*4,00 ов.",,шт,"4 784,00", ,"1,000", , , , , 
"Ковер (Турция) 2,00*4,50 ов.",,шт,"3 150,00","1,000", , , , , , 
"Ковер (Турция) 2,00*5,00",,шт,"5 681,00", , ,"1,000", , , , 
"Ковер (Турция) 2,00*5,00 ов.",,шт,"5 681,00","1,000", ,"2,000", , ,"1,000","1,000"
"Ковер (Турция) 2,50*3,50",,шт,"3 062,50","1,000", , , ,"1,000", ,"1,000"
"Ковер (Турция) 2,50*3,50 ов.",,шт,"3 062,50","1,000", , ,"1,000", ,"2,000", 
"Ковер (Турция) 2,50*4,00",,шт,"3 500,00", ,"1,000", ,"1,000", , ,"1,000"
"Ковер (Турция) 2,50*4,00 ов.",,шт,"3 500,00", , , ,"1,000", ,"1,000", 
"Ковер (Турция) 2,50*4,50 ов.",,шт,"3 937,50", , , , , ,"1,000","1,000"
"Ковер (Турция) 2,50*5,00",,шт,"4 597,68", , ,"1,000", ,"1,000","1,000","1,000"
"Ковер (Турция) 2,50*5,00 ов.",,шт,"4 375,00","1,000", , ,"1,000","1,000", , 
"Ковер (Турция) 3,00*5,00 ов.",,шт,"5 270,40","1,000", ,"1,000", , ,"1,000","1,000"
Ковры (Турция) шаги,,,, , , , , , , 
"Ковер (Турция) шаги 1,50*4,00 ов.",,шт,"3 450,00", , , , ,"1,000", , 
"Ковер (Турция) шаги 2,00*4,00 ов.",,шт,"4 552,00", , , , , ,"1,000", 
Ковры (Турция) шаги лонж,,,, , , , , , , 
"Ковры (Турция) шаги лонж 0,80*1,50",,шт,"640,20", , , , , ,"1,000", 
Ковры Турция (BCF),,,, , , , , , , 
"Ковер Турция (BCF) 3,00*6,00",,шт,"3 150,00", , ,"1,000", , , , 
Ковры (Фиеста),,,, , , , , , , 
"Ковер (Фиеста) 0,45*0,45",,шт,"85,75", , , , ,"9,000", , 
"Ковер (Фиеста) 0,60*1,00 ов.",,шт,"500,00", , , , ,"1,000", , 
"Ковер (Фиеста) 0,60*1,10",,шт,"285,63","2,000", ,"12,000", ,"3,000", , 
"Ковер (Фиеста) 0,60*1,10 ов.",,шт,"306,38", , ,"8,000","3,000","2,000", , 
"Ковер (Фиеста) 0,75*1,00",,шт,"317,25","1,000", , , , , , 
"Ковер (Фиеста) 0,80*0.80 ов.",,шт,"270,72", ,"3,000", , , ,"6,000","1,000"
"Ковер (Фиеста) 0,80*1,50",,шт,"515,01", ,"3,000","18,000","2,000","1,000", ,"2,000"
"Ковер (Фиеста) 0,80*1,50 ов.",,шт,"531,12", ,"6,000","18,000","3,000","3,000", ,"2,000"
"Ковер (Фиеста) 0,80*2,50",,шт,"1 400,00", , , , ,"1,000", , 
"Ковер (Фиеста) 1,00*1,00 ов.",,шт,"423,00","1,000", , , ,"1,000", , 
"Ковер (Фиеста) 1,00*2,00",,шт,"861,52","1,000", ,"6,000","6,000","1,000", , 
"Ковер (Фиеста) 1,00*2,00 ов.",,шт,"857,37", ,"4,000","3,000","6,000","1,000","1,000","1,000"
"Ковер (Фиеста) 1,00*3,00",,шт,"1 272,85", ,"5,000","3,000", , ,"3,000", 
"Ковер (Фиеста) 1,00*3,00 ов.",,шт,"1 276,83","1,000","4,000", , , ,"4,000", 
"Ковер (Фиеста) 1,00*3,50",,шт,"1 480,50", , , , , ,"1,000", 
"Ковер (Фиеста) 1,00*3,50 ов.",,шт,"1 480,50", , , , , ,"1,000", 
"Ковер (Фиеста) 1,00*4,00",,шт,"1 681,26", , ,"2,000","1,000","2,000","2,000", 
"Ковер (Фиеста) 1,00*4,00 ов.",,шт,"1 673,20","1,000", ,"3,000", , ,"2,000", 
"Ковер (Фиеста) 1,00*5,00",,шт,"2 115,00", , , , , ,"2,000", 
"Ковер (Фиеста) 1,20*1,70",,шт,"872,19", , , , , ,"2,000","1,000"
"Ковер (Фиеста) 1,20*1,70 ов.",,шт,"877,30", , ,"1,000", , ,"2,000","1,000"
"Ковер (Фиеста) 1,20*2,00",,шт,"1 032,12", , , , , ,"1,000","1,000"
"Ковер (Фиеста) 1,20*2,00 ов.",,шт,"1 026,48", , , , ,"1,000","1,000","1,000"
"Ковер (Фиеста) 1,20*2,40",,шт,"1 218,24", , , , , ,"1,000", 
"Ковер (Фиеста) 1,20*2,40 ов.",,шт,"1 218,24", , , , , ,"1,000", 
"Ковер (Фиеста) 1,20*2,50",,шт,"1 287,80", , , , ,"1,000", ,"2,000"
"Ковер (Фиеста) 1,20*2,50 ов.",,шт,"1 311,30", , , , ,"1,000", ,"2,000"
"Ковер (Фиеста) 1,20*2,60",,шт,"1 319,76", , , , , ,"2,000", 
"Ковер (Фиеста) 1,20*3,00",,шт,"1 556,64", , , , ,"1,000", ,"2,000"
"Ковер (Фиеста) 1,20*3,00 ов.",,шт,"1 548,18", , , , , ,"2,000","2,000"
"Ковер (Фиеста) 1,20*3,50",,шт,"1 783,18", ,"1,000", , ,"1,000", ,"1,000"
"Ковер (Фиеста) 1,20*3,50 ов.",,шт,"1 835,82", , , , , , ,"3,000"
"Ковер (Фиеста) 1,20*4,00",,шт,"2 064,24", , , , ,"1,000", ,"1,000"
"Ковер (Фиеста) 1,20*4,00 ов.",,шт,"2 041,68", , , , ,"1,000", ,"1,000"
"Ковер (Фиеста) 1,50*1,50 ов.",,шт,"967,62", ,"2,000", , , , , 
"Ковер (Фиеста) 1,50*2,00",,шт,"1 276,05", ,"3,000","3,000", , , , 
"Ковер (Фиеста) 1,50*2,00 ов.",,шт,"1 275,04","1,000","3,000","3,000", , , , 
"Ковер (Фиеста) 1,50*2,30",,шт,"1 495,39", , ,"2,000","1,000", , ,"1,000"
"Ковер (Фиеста) 1,50*2,30 ов.",,шт,"1 507,99", ,"2,000","2,000", ,"1,000", ,"1,000"
"Ковер (Фиеста) 1,50*2,90 ов.",,шт,"1 901,39", ,"1,000", , , , , 
"Ковер (Фиеста) 1,50*3,00",,шт,"1 956,38", ,"2,000", ,"1,000", ,"1,000","1,000"
"Ковер (Фиеста) 1,50*3,00 ов.",,шт,"1 956,38", ,"4,000", , ,"1,000","1,000", 
"Ковер (Фиеста) 1,50*4,00",,шт,"2 622,60", , , , , , ,"1,000"
"Ковер (Фиеста) 1,50*4,00 ов.",,шт,"2 541,53", ,"2,000", ,"1,000","1,000", ,"2,000"
"Ковер (Фиеста) 1,50*4,50",,шт,"2 950,43", ,"1,000", , , , , 
"Ковер (Фиеста) 1,50*5,00",,шт,"3 172,50","1,000", , , , ,"2,000", 
"Ковер (Фиеста) 1,50*5,00 ов.",,шт,"3 102,00","2,000", , , , , , 
"Ковер (Фиеста) 1,50*6,00",,шт,"3 722,40","1,000", , , , , , 
"Ковер (Фиеста) 1,50*6,00 ов.",,шт,"3 722,40","1,000", , , , , , 
"Ковер (Фиеста) 1,60*2,30",,шт,"1 547,24", ,"2,000", ,"2,000","1,000", ,"1,000"
"Ковер (Фиеста) 1,60*2,30 ов.",,шт,"1 505,62", , , ,"2,000","2,000", ,"2,000"
"Ковер (Фиеста) 1,60*3,00",,шт,"2 292,96", ,"1,000","4,000","2,000","2,000","1,000", 
"Ковер (Фиеста) 1,60*3,00 ов.",,шт,"2 030,40", , , ,"1,000","1,000", , 
"Ковер (Фиеста) 1,60*4,00",,шт,"2 707,20", ,"1,000", ,"1,000","1,000","1,000", 
"Ковер (Фиеста) 1,60*4,00 ов.",,шт,"2 918,25","2,000","1,000","1,000","1,000","2,000", , 
"Ковер (Фиеста) 1,80*2,40",,шт,"1 827,36", , , , , ,"1,000", 
"Ковер (Фиеста) 1,80*2,40 ов.",,шт,"1 827,36", , , , , ,"2,000", 
"Ковер (Фиеста) 1,80*2,60",,шт,"1 979,64", , , , ,"1,000", , 
"Ковер (Фиеста) 1,80*2,60 ов.",,шт,"1 979,64", , , , , ,"2,000", 
"Ковер (Фиеста) 1,80*3,00",,шт,"2 284,20", , , , ,"2,000","1,000", 
"Ковер (Фиеста) 1,80*3,00 ов.",,шт,"1 142,10", , , , ,"1,000","1,000", 
"Ковер (Фиеста) 1,80*4,00",,шт,"3 045,60", , , , ,"1,000","2,000", 
"Ковер (Фиеста) 1,80*4,00 ов.",,шт, , , , , ,"2,000", , 
"Ковер (Фиеста) 2,00*2,00 ов.",,шт,"1 748,40", ,"1,000", , ,"1,000", , 
"Ковер (Фиеста) 2,00*2,50",,шт,"2 115,00", , , ,"1,000", , , 
"Ковер (Фиеста) 2,00*2,50 ов.",,шт,"2 115,00", , , ,"1,000", ,"1,000", 
"Ковер (Фиеста) 2,00*3,00",,шт,"2 454,00", ,"1,000","11,000","2,000","4,000", ,"3,000"
"Ковер (Фиеста) 2,00*3,00 ов.",,шт,"2 607,29", ,"3,000","3,000","2,000","1,000","1,000","1,000"
"Ковер (Фиеста) 2,00*3,50",,шт,"2 961,00", , , , ,"1,000", , 
"Ковер (Фиеста) 2,00*3,50 ов.",,шт,"2 961,00", , , , ,"2,000", , 
"Ковер (Фиеста) 2,00*4,00",,шт,"3 403,79", ,"3,000","7,000","2,000","4,000","1,000","1,000"
"Ковер (Фиеста) 2,00*4,00 ов.",,шт,"3 429,25","1,000","2,000","7,000","2,000","1,000", ,"1,000"
"Ковер (Фиеста) 2,00*5,00",,шт,"4 136,00", , , ,"1,000", , ,"1,000"
"Ковер (Фиеста) 2,00*5,00 ов.",,шт,"4 236,00", ,"1,000", , , , , 
"Ковер (Фиеста) 2,50*3,00",,шт,"3 278,25", ,"1,000", , , , , 
"Ковер (Фиеста) 2,50*3,00 ов.",,шт,"3 172,50","1,000", , , ,"1,000", , 
"Ковер (Фиеста) 2,50*3,50",,шт,"3 738,31", ,"1,000","1,000", ,"1,000", , 
"Ковер (Фиеста) 2,50*3,50 ов.",,шт,"3 728,67", ,"1,000", , ,"1,000", ,"1,000"
"Ковер (Фиеста) 2,50*4,00",,шт,"4 186,68", ,"1,000", ,"1,000","1,000", , 
"Ковер (Фиеста) 2,50*4,00 ов.",,шт,"4 230,00","1,000","1,000", , ,"1,000", ,"1,000"
"Ковер (Фиеста) 2,50*4,50",,шт,"4 917,38", , , , ,"1,000", , 
"Ковер (Фиеста) 3,00*4,00",,шт,"5 245,20", , , , ,"1,000", , 
Ковры (Фэнси) дет.,,,, , , , , , , 
"Ковер (Фэнси) дет. 0,75*0,75 ов",,шт,"345,03", , ,"6,000", , ,"2,000", 
"Ковер (Фэнси) дет. 2,00*3,00",,шт,"3 192,00", ,"1,000", , , ,"1,000","1,000"
Ковры (Шагги Веста),,,, , , , , , , 
"Ковер (Шагги Веста) 0,60*1,10",,шт,"428,08", , , , , ,"1,000", 
"Ковер (Шагги Веста) 1,60*2,30",,шт,"2 386,85", ,"1,000", , , , , 
"Ковер (Шагги Веста) 1,60*2,30 ов.",,шт,"2 386,85", , , , , , ,"1,000"
"Ковер (Шагги Веста) 2,00*3,00",,шт,"3 891,60", , , , , , ,"1,000"
Ковры (Шагги Лонж),,,, , , , , , , 
"Ковер (Шагги Лонж) 0,60*1,10",,шт,"474,91", , ,"7,000", , , , 
"Ковер (Шагги Лонж) 0,60*1,10 ов.",,шт,"471,92","5,000","5,000","8,000", ,"5,000","2,000", 
"Ковер (Шагги Лонж) 0,80*1,50",,шт,"854,94", , ,"1,000","2,000","1,000","1,000","1,000"
"Ковер (Шагги Лонж) 0,80*1,50 ов.",,шт,"868,60", ,"2,000","7,000", ,"1,000","3,000", 
"Ковер (Шагги Лонж) 1,00*2,00",,шт,"1 377,13", , ,"6,000", , , , 
"Ковер (Шагги Лонж) 1,00*2,00 ов.",,шт,"1 439,14", , ,"5,000","1,000", ,"1,000", 
"Ковер (Шагги Лонж) 1,20*1,70",,шт,"1 461,25", , ,"7,000", ,"1,000","1,000","1,000"
"Ковер (Шагги Лонж) 1,20*1,70 ов.",,шт,"1 479,82", , ,"4,000", , , ,"2,000"
"Ковер (Шагги Лонж) 1,40*2,00",,шт,"1 993,04", ,"1,000","1,000", , , , 
"Ковер (Шагги Лонж) 1,40*2,00 ов.",,шт,"1 999,39", ,"2,000","4,000", ,"2,000", ,"1,000"
"Ковер (Шагги Лонж) 1,60*2,30",,шт,"2 629,53", ,"1,000", , ,"1,000","1,000","2,000"
"Ковер (Шагги Лонж) 1,60*2,30 ов.",,шт,"2 656,96", , ,"4,000", , , ,"1,000"
"Ковер (Шагги Лонж) 1,60*3,00",,шт,"3 384,00", , , , , ,"1,000","1,000"
"Ковер (Шагги Лонж) 1,60*3,00 ов.",,шт,"3 372,72", , ,"1,000", ,"1,000", ,"2,000"
"Ковер (Шагги Лонж) 2,00*2,90",,шт,"4 207,32", , , , , , ,"1,000"
"Ковер (Шагги Лонж) 2,00*2,90 ов.",,шт,"4 838,53", , , , ,"2,000", ,"2,000"
"Ковер (Шагги Лонж) 2,00*3,90",,шт,"5 605,08","1,000", , , , , ,"1,000"
"Ковер (Шагги Лонж) 2,00*3,90 ов.",,шт,"5 578,56","1,000", , , , , ,"1,000"
Ковры (Шагги Софт),,,, , , , , , , 
"Ковер (Шагги Софт) 0,80*1,50 ов.",,шт,"1 015,20", , , , , , ,"1,000"
"Ковер (Шагги Софт) 1,00*2,00 ов.",,шт,"1 692,00", , , , , ,"1,000", 
"Ковер (Шагги Софт) 1,00*3,00 ов.",,шт,"2 594,40", , , , , , ,"1,000"
"Ковер (Шагги Софт) 1,60*2,30",,шт,"3 113,28", , , , , , ,"2,000"
"Ковер (Шагги Софт) 1,60*2,30 ов.",,шт,"3 113,28", , , , , , ,"1,000"
"Ковер (Шагги Софт) 2,00*2,90 ов.",,шт,"4 906,80", , , , , , ,"1,000"
"Ковер (Шагги Софт) 2,00*4,00 ов.",,шт,"8 184,00", , ,"1,000", , , , 
Ковры (Шагги Фьюжен),,,, , , , , , , 
"Ковер Шагги Фьюжен 0,60*1,00 ов.",,шт,"413,03", , , , ,"4,000", ,"2,000"
"Ковер Шагги Фьюжен 0,60*1,10",,шт,"409,33","4,000", ,"1,000","1,000", ,"2,000","6,000"
"Ковер Шагги Фьюжен 0,60*1,10 ов.",,шт,"362,48", , , ,"1,000","2,000","4,000","4,000"
"Ковер Шагги Фьюжен 0,60*1,80 ов.",,шт,"612,68", , , , , , ,"1,000"
"Ковер Шагги Фьюжен 0,60*2,00",,шт,"642,96", , , , , ,"1,000", 
"Ковер Шагги Фьюжен 0,60*2,00 ов.",,шт,"680,76", , , , , , ,"1,000"
"Ковер Шагги Фьюжен 0,70*1,40",,шт,"534,30", , , , , ,"1,000", 
"Ковер Шагги Фьюжен 0,80*0,80 ов.",,шт,"348,93", , , , , ,"4,000", 
"Ковер Шагги Фьюжен 0,80*1,20",,шт,"523,39", , ,"1,000", , , , 
"Ковер Шагги Фьюжен 0,80*1,50",,шт,"676,38","2,000", ,"8,000", ,"1,000","7,000","1,000"
"Ковер Шагги Фьюжен 0,80*1,50 ов.",,шт,"707,27","7,000","1,000","1,000","1,000","2,000","1,000","5,000"
"Ковер Шагги Фьюжен 0,80*2,00",,шт,"993,60", , ,"1,000", , ,"1,000", 
"Ковер Шагги Фьюжен 0,80*2,50 ов.",,шт,"1 146,80", , , , , , ,"1,000"
"Ковер Шагги Фьюжен 1,00*1,00",,шт,"535,80","1,000", , , , , , 
"Ковер Шагги Фьюжен 1,00*1,00 ов.",,шт,"609,03","2,000", , ,"2,000","2,000","2,000", 
"Ковер Шагги Фьюжен 1,00*1,65 ов.",,шт,"946,11", , , , , , ,"1,000"
"Ковер Шагги Фьюжен 1,00*2,00",,шт,"1 219,50", , ,"4,000","1,000","2,000","1,000", 
"Ковер Шагги Фьюжен 1,00*2,00 ов.",,шт,"1 080,30","1,000","1,000","1,000", , , ,"1,000"
"Ковер Шагги Фьюжен 1,00*2,50",,шт,"1 590,40", , , , , ,"3,000","1,000"
"Ковер Шагги Фьюжен 1,00*2,50 ов.",,шт,"1 363,00", , , , , ,"1,000", 
"Ковер Шагги Фьюжен 1,00*3,00",,шт,"1 664,81","1,000","1,000", , ,"1,000","1,000","3,000"
"Ковер Шагги Фьюжен 1,00*3,00 ов.",,шт,"2 144,98","1,000", , , ,"2,000","2,000", 
"Ковер Шагги Фьюжен 1,00*4,00",,шт,"2 044,50","1,000", , , , ,"3,000","1,000"
"Ковер Шагги Фьюжен 1,00*4,00 ов.",,шт,"1 992,80","1,000","1,000", , , , , 
"Ковер Шагги Фьюжен 1,10*1,50 ов.",,шт,"946,11", , , , , , ,"1,000"
"Ковер Шагги Фьюжен 1,20*1,70 ов.",,шт,"1 106,22", , , , ,"1,000","2,000", 
"Ковер Шагги Фьюжен 1,20*2,00",,шт,"1 227,60", , , , ,"1,000", , 
"Ковер Шагги Фьюжен 1,20*2,50",,шт,"1 635,60", , , , , ,"1,000", 
"Ковер Шагги Фьюжен 1,20*3,50",,шт,"2 289,89", ,"1,000", , , , , 
"Ковер Шагги Фьюжен 1,30*2,50",,шт,"1 771,90", , , , , ,"1,000", 
"Ковер Шагги Фьюжен 1,40*2,00",,шт,"1 556,47", , ,"2,000", ,"1,000", , 
"Ковер Шагги Фьюжен 1,40*2,00 ов.",,шт,"1 588,44", , , , ,"1,000", , 
"Ковер Шагги Фьюжен 1,40*3,00",,шт,"2 250,36", , , , , ,"1,000", 
"Ковер Шагги Фьюжен 1,40*3,00 ов.",,шт,"2 250,36", , , , , ,"1,000", 
"Ковер Шагги Фьюжен 1,50*1,50 ов.",,шт,"1 141,38", , ,"1,000","1,000","2,000","2,000","1,000"
"Ковер Шагги Фьюжен 1,50*2,00",,шт,"1 871,83", ,"1,000","1,000", ,"2,000","1,000","1,000"
"Ковер Шагги Фьюжен 1,50*2,00 ов.",,шт,"1 593,30", , , , , , ,"1,000"
"Ковер Шагги Фьюжен 1,50*2,30",,шт,"1 880,94","1,000", , , , , , 
"Ковер Шагги Фьюжен 1,50*2,30 ов.",,шт,"3 450,00", , , , , ,"1,000", 
"Ковер Шагги Фьюжен 1,50*2,50",,шт,"2 044,50", , ,"2,000", , ,"2,000", 
"Ковер Шагги Фьюжен 1,50*2,50 ов.",,шт,"2 040,58", , ,"1,000", ,"1,000","1,000", 
"Ковер Шагги Фьюжен 1,50*3,00",,шт,"2 453,40","2,000", , , , ,"2,000","2,000"
"Ковер Шагги Фьюжен 1,50*3,00 ов.",,шт,"2 862,72","1,000", , , ,"2,000","1,000","1,000"
"Ковер Шагги Фьюжен 1,50*3,50 ов.",,шт,"2 837,63","1,000", ,"1,000", , , , 
"Ковер Шагги Фьюжен 1,50*4,00",,шт,"3 214,80","1,000", , , ,"1,000", , 
"Ковер Шагги Фьюжен 1,50*4,00 ов.",,шт,"3 315,40","1,000", , , , , ,"2,000"
"Ковер Шагги Фьюжен 1,60*2,30",,шт,"2 373,44", , ,"1,000", ,"4,000","1,000","1,000"
"Ковер Шагги Фьюжен 1,60*2,30 ов.",,шт,"2 287,60","1,000", , , , ,"1,000","1,000"
"Ковер Шагги Фьюжен 1,60*2,50 ов.",,шт,"2 143,20", , , , ,"1,000", , 
"Ковер Шагги Фьюжен 1,60*3,00",,шт,"2 616,96", , ,"1,000", , , , 
"Ковер Шагги Фьюжен 1,60*3,00 ов.",,шт,"2 616,96", , , , ,"1,000", , 
"Ковер Шагги Фьюжен 2,00*2,00 ов.",,шт,"2 206,20","1,000", , , ,"1,000", , 
"Ковер Шагги Фьюжен 2,00*2,90",,шт,"3 162,16", ,"2,000", , , , , 
"Ковер Шагги Фьюжен 2,00*2,90 ов.",,шт,"4 476,54", , , , , ,"1,000", 
"Ковер Шагги Фьюжен 2,00*3,00",,шт,"3 282,50","1,000", ,"2,000", , , ,"1,000"
"Ковер Шагги Фьюжен 2,00*3,00 ов.",,шт,"3 243,00", , , , , ,"1,000","1,000"
"Ковер Шагги Фьюжен 2,00*3,90",,шт,"4 252,56","1,000", , , , ,"1,000", 
"Ковер Шагги Фьюжен 2,00*3,90 ов.",,шт,"4 252,56","1,000", , , , ,"1,000", 
"Ковер Шагги Фьюжен 2,00*4,00",,шт,"4 351,15", , ,"1,000", , , , 
"Ковер Шагги Фьюжен 2,00*4,00 ов.",,шт,"4 820,84","1,000","1,000","1,000", , ,"1,000","2,000"
"Ковер Шагги Фьюжен 2,40*3,20",,шт,"3 826,18", , , , , ,"1,000", 
"Ковер Шагги Фьюжен 2,50*3,50",,шт,"4 688,25", , , , , , ,"1,000"
"Ковер Шагги Фьюжен 2,50*3,50 ов.",,шт,"4 770,50", , , , , , ,"1,000"
"Ковер Шагги Фьюжен 2,50*4,00",,шт,"5 452,00", , , , , , ,"1,000"
Ковры (Шахреза),,,, , , , , , , 
"Ковер (Шахреза) 1,60*2,20 ов.",,шт,"3 205,60", , , , , , ,"1,000"
Ковры (Шенилл),,,, , , , , , , 
"Ковер (Шенилл) 0,80*1,50",,шт,"992,64", , , , , , ,"2,000"
"Ковер (Шенилл) 0,80*1,50 ов.",,шт,"988,88", , , , , , ,"2,000"
"Ковер (Шенилл) 1,00*2,00",,шт,"1 654,40", , , , , , ,"1,000"
"Ковер (Шенилл) 1,00*2,00 ов.",,шт,"1 654,40", , , , , , ,"1,000"
"Ковер (Шенилл) 1,45*2,30 ов.",,шт,"2 774,50", ,"1,000", , ,"2,000", ,"3,000"
"Ковер (Шенилл) 1,45*3,00",,шт,"3 598,32", , , , ,"1,000", ,"1,000"
"Ковер (Шенилл) 1,45*3,00 ов.",,шт,"3 639,50", ,"1,000", , ,"1,000", ,"1,000"
"Ковер (Шенилл) 1,95*3,00",,шт,"2 502,63", , ,"1,000", , , ,"1,000"
"Ковер (Шенилл) 1,95*3,00 ов.",,шт,"4 872,35", , ,"1,000", ,"1,000", ,"3,000"
"Ковер (Шенилл) 1,95*4,00",,шт,"6 452,16", ,"1,000", , , , ,"1,000"
"Ковер (Шенилл) 1,95*4,00 ов.",,шт,"6 452,16", , , , , , ,"1,000"
Ковры циновка (Декора),,,, , , , , , , 
"Ковер циновка (Декора) 0,50*0,80",,шт,"163,13", ,"1,000","5,000", ,"3,000","2,000","3,000"
"Ковер циновка (Декора) 0,60*1,10",,шт,"259,68", , ,"8,000","4,000", , ,"1,000"
"Ковер циновка (Декора) 0,60*1,10 ов.",,шт,"260,57","2,000", , , , , , 
"Ковер циновка (Декора) 0,80*1,50",,шт,"501,61", ,"4,000","16,000", ,"2,000", ,"1,000"
"Ковер циновка (Декора) 0,80*1,50 ов.",,шт,"473,76", ,"4,000","1,000","1,000","4,000", , 
"Ковер циновка (Декора) 1,00*2,00",,шт,"798,61", ,"3,000","4,000", , , , 
"Ковер циновка (Декора) 1,00*2,00 ов.",,шт,"802,53", , ,"1,000", , ,"2,000", 
"Ковер циновка (Декора) 1,00*3,00",,шт,"1 206,00", ,"1,000", , ,"1,000", , 
"Ковер циновка (Декора) 1,00*3,00 ов.",,шт,"1 156,20", , , , ,"1,000", , 
"Ковер циновка (Декора) 1,20*1,70",,шт,"981,23", ,"1,000","1,000", ,"1,000","1,000", 
"Ковер циновка (Декора) 1,40*2,00",,шт,"1 105,44", ,"1,000","1,000", , , , 
"Ковер циновка (Декора) 1,60*2,30",,шт,"1 452,86", ,"1,000", , , ,"1,000", 
"Ковер циновка (Декора) 1,60*2,30 ов.",,шт,"1 418,27", ,"1,000","1,000", , , , 
"Ковер циновка (Декора) 2,00*2,00",,шт,"1 636,80", ,"1,000", , , , , 
"Ковер циновка (Декора) 2,00*2,90",,шт,"2 126,28", ,"1,000", , , , , 
"Ковер циновка (Декора) 2,00*3,90",,шт, , , ,"3,000", , , , 
Ковры циновка (Дели),,,, , , , , , , 
"Ковер циновка (Дели) 0,50*0,80",,шт,"154,16", , , , , ,"1,000", 
Ковры циновка (Флурлюкс),,,, , , , , , , 
"Ковер циновка (Флурлюкс) 0,50*0,80",,шт,"161,46","5,000","8,000","2,000","4,000", ,"4,000","8,000"
"Ковер циновка (Флурлюкс) 0,60*1,10",,шт,"265,10","3,000", ,"8,000", ,"5,000","2,000","1,000"
"Ковер циновка (Флурлюкс) 0,60*1,10 ов.",,шт,"299,73","13,000","1,000","16,000", ,"5,000","7,000","4,000"
"Ковер циновка (Флурлюкс) 0,80*1,50",,шт,"489,46","4,000", ,"24,000","2,000","2,000","3,000","2,000"
"Ковер циновка (Флурлюкс) 0,80*1,50 ов.",,шт,"507,50","4,000","1,000","8,000","4,000","1,000","8,000","7,000"
"Ковер циновка (Флурлюкс) 1,00*2,00",,шт,"786,39","1,000", ,"4,000","2,000", ,"2,000","1,000"
"Ковер циновка (Флурлюкс) 1,00*2,00 ов.",,шт,"795,67", ,"2,000","6,000", , , , 
"Ковер циновка (Флурлюкс) 1,20*1,70",,шт,"936,67", , ,"6,000", , ,"2,000", 
"Ковер циновка (Флурлюкс) 1,20*1,70 ов.",,шт,"883,16", ,"1,000","2,000", , ,"1,000","1,000"
"Ковер циновка (Флурлюкс) 1,20*2,50",,шт,"1 156,20","1,000", , , , , , 
"Ковер циновка (Флурлюкс) 1,40*2,00",,шт,"1 105,44", , , , , ,"1,000", 
"Ковер циновка (Флурлюкс) 1,40*2,00 ов.",,шт,"1 284,32", ,"2,000","3,000", , ,"2,000", 
"Ковер циновка (Флурлюкс) 1,50*2,30",,шт,"1 362,06", ,"1,000", , , , , 
"Ковер циновка (Флурлюкс) 1,60*2,30",,шт,"1 496,39", ,"1,000","5,000", , , , 
"Ковер циновка (Флурлюкс) 1,60*2,30 ов.",,шт,"1 465,52", ,"1,000","9,000", , , , 
"Ковер циновка (Флурлюкс) 1,60*3,00",,шт,"1 964,16", , ,"2,000", , , , 
"Ковер циновка (Флурлюкс) 1,60*3,00 ов.",,шт,"1 178,50", , ,"5,000", , , , 
"Ковер циновка (Флурлюкс) 2,00*2,40",,шт,"1 895,04", ,"1,000", , , , , 
"Ковер циновка (Флурлюкс) 2,00*2,90",,шт,"2 139,91", , ,"4,000", , , , 
"Ковер циновка (Флурлюкс) 2,00*2,90 ов.",,шт,"2 235,32", , ,"3,000", , , , 
"Ковер циновка (Флурлюкс) 2,00*3,00",,шт,"2 368,80", , , , ,"1,000", , 
"Ковер циновка (Флурлюкс) 2,00*3,90 ов.",,шт, , , ,"1,000", , , , 
Паласы (Скрол),,,, , , , , , , 
Коврики (Скрол),,,, , , , , , , 
"Коврик (Скрол) 0,50*0,70",,шт,"73,01", , ,"6,000", ,"11,000", , 
"Коврик (Скрол) 0,50*0,80",,шт,"79,05", ,"17,000","41,000","5,000","15,000","16,000", 
"Коврик (Скрол) 0,60*0,60",,шт,"63,00", , ,"32,000", , , , 
"Коврик (Скрол) 0,60*0,80",,шт,"85,39", ,"10,000","77,000", , , , 
"Коврик (Скрол) 0,60*1,00",,шт,"108,49", ,"15,000","48,000","5,000","13,000","9,000", 
Паласы (Скрол),,,, , , , , , , 
"Палас (Скрол) 0,65*2,60",,шт,"371,80", , , , , , ,"1,000"
"Палас (Скрол) 0,70*1,50",,шт,"220,50", , ,"1,000", , , , 
"Палас (Скрол) 0,75*3,20",,шт,"492,80", , , , , , ,"1,000"
"Палас (Скрол) 0,80*2,00",,шт,"352,00", , , , , ,"1,000", 
"Палас (Скрол) 0,80*3,50",,шт,"588,00", , ,"1,000", , , , 
"Палас (Скрол) 0,90*1,50",,шт,"297,00", , , , , , ,"2,000"
"Палас (Скрол) 0,90*3,00",,шт,"567,00", , ,"1,000", , , , 
"Палас (Скрол) 0,95*3,50",,шт,"555,28", , ,"1,000", , , , 
"Палас (Скрол) 1,00*2,00",,шт,"397,25","2,000", ,"2,000", ,"2,000","3,000", 
"Палас (Скрол) 1,00*2,50",,шт,"525,00", , ,"2,000", , , , 
"Палас (Скрол) 1,00*3,00",,шт,"611,25", , ,"2,000", ,"2,000", , 
"Палас (Скрол) 1,00*4,00",,шт,"840,00", , ,"1,000", , , , 
"Палас (Скрол) 1,00*5,00",,шт,"1 050,00", , ,"1,000", , , , 
"Палас (Скрол) 1,10*2,00",,шт,"484,00", , , , , , ,"1,000"
"Палас (Скрол) 1,10*2,50",,шт,"577,50", , ,"1,000", , , , 
"Палас (Скрол) 1,40*2,00",,шт,"588,00", , , , , ,"1,000", 
"Палас (Скрол) 1,50*2,00",,шт,"601,78", , ,"2,000","1,000", ,"1,000","1,000"
"Палас (Скрол) 1,50*2,50",,шт,"791,25", , ,"3,000","1,000", ,"2,000", 
"Палас (Скрол) 1,50*3,00",,шт,"928,48","1,000","2,000", ,"1,000", ,"1,000","1,000"
"Палас (Скрол) 1,50*3,50",,шт,"1 102,50", , , , , ,"1,000", 
"Палас (Скрол) 1,50*4,00",,шт,"1 221,60","2,000","2,000","4,000", ,"1,000","1,000", 
"Палас (Скрол) 1,50*5,00",,шт,"1 612,50", ,"3,000","1,000", , , , 
"Палас (Скрол) 1,60*1,60",,шт,"563,20", , , , , , ,"1,000"
"Палас (Скрол) 1,90*3,00",,шт,"1 197,00", , , , ,"1,000", , 
"Палас (Скрол) 2,00*2,00",,шт,"840,00", ,"1,000","2,000", , ,"1,000", 
"Палас (Скрол) 2,00*2,50",,шт,"1 050,00", ,"1,000","1,000", , ,"3,000", 
"Палас (Скрол) 2,00*2,90",,шт,"1 218,00", , , , , , ,"1,000"
"Палас (Скрол) 2,00*3,00",,шт,"1 248,40", , ,"10,000","2,000","3,000","2,000","1,000"
"Палас (Скрол) 2,00*3,50",,шт,"1 439,37", ,"1,000","3,000", , ,"2,000","1,000"
"Палас (Скрол) 2,00*4,00",,шт,"1 584,09", ,"2,000","3,000","1,000","2,000","2,000","1,000"
"Палас (Скрол) 2,00*4,50",,шт,"1 769,60","1,000","2,000","2,000", , , , 
"Палас (Скрол) 2,00*5,00",,шт,"2 100,00", ,"1,000", , , ,"1,000", 
"Палас (Скрол) 2,10*3,05",,шт,"1 409,10", , , , , , ,"1,000"
"Палас (Скрол) 2,50*2,50",,шт,"1 375,00", , , , , , ,"1,000"
"Палас (Скрол) 2,50*3,00",,шт,"1 575,00", ,"2,000","2,000", , ,"1,000", 
"Палас (Скрол) 2,50*3,50",,шт,"1 837,50", ,"1,000","1,000", , ,"1,000", 
"Палас (Скрол) 2,50*4,00",,шт,"2 100,00", ,"1,000", , , ,"1,000", 
"Палас (Скрол) 2,50*4,50",,шт,"2 362,50", ,"2,000","1,000", , , , 
"Палас (Скрол) 2,75*3,50",,шт,"2 117,50", , , , , , ,"1,000"
"Палас (Скрол) 3,00*3,00",,шт,"1 890,00", ,"1,000", , , , , 
"Палас (Скрол) 3,00*3,50",,шт,"2 205,00", ,"2,000", , , , , 
"Палас (Скрол) 3,00*4,00",,шт,"2 244,00", ,"2,000","6,000", ,"2,000","1,000", 
"Палас (Скрол) 3,00*5,00",,шт,"3 187,50", ,"3,000", , , , ,"1,000"
"Палас (Скрол) 3,00*5,50",,шт,"3 465,00", ,"1,000", , , , , 
Паласы (Скрол) Фризе,,,, , , , , , , 
"Палас (Скрол) Фризе 1,00*1,70",,шт,"510,00", , ,"1,000", , , , 
"Палас (Скрол) Фризе 1,00*2,00",,шт,"600,00", , ,"1,000", , , , 
"Палас (Скрол) Фризе 1,50*2,00",,шт,"630,00", , , , , ,"1,000", 
"Палас (Скрол) Фризе 1,50*2,50",,шт,"787,50", , ,"2,000", , , , 
"Палас (Скрол) Фризе 2,00*2,50",,шт,"1 050,00", , , , , ,"1,000", 
"Палас (Скрол) Фризе 2,00*3,00",,шт,"1 440,00", , , , , ,"2,000", 
"Палас (Скрол) Фризе 2,00*4,00",,шт,"1 680,00", , , , , ,"2,000", 
"Палас (Скрол) Фризе 2,10*3,70",,шт,"1 709,40", , , , , , ,"1,000"
"Палас (Скрол) Фризе 2,50*4,00",,шт,"2 200,00", , ,"1,000", , , , 
"Палас (Скрол) Фризе 3,00*3,00",,шт,"1 980,00", , ,"1,000", , , , 
"Палас (Скрол) Фризе 3,00*4,00",,шт,"1 260,00", , ,"1,000", , ,"1,000", 
Паласы (Фелт),,,, , , , , , , 
Дорожка Фелт (Россия),,,, , , , , , , 
"Дорожка Фелт (Россия) 0,65м.",,,, , , , , , , 
"Дорожка Фелт (Россия) 0,65м L=25,0м",,рул,"2 600,00", , , , , , ,"0,196"
"Дорожка Фелт (Россия) 0,6м.",,,, , , , , , , 
"Дорожка Фелт (Россия) 0,6м L=18,0",,рул,"1 728,00", , , ,"0,311", , , 
"Дорожка Фелт (Россия) 0,6м L=20,0",,рул,"1 899,42", ,"1,004", , , , ,"0,695"
"Дорожка Фелт (Россия) 0,6м L=21,8",,рул,"2 118,96", , , ,"1,000", , , 
"Дорожка Фелт (Россия) 0,6м L=24,0",,рул,"2 404,80", , ,"1,000", , , , 
"Дорожка Фелт (Россия) 0,6м L=25,0",,рул,"2 329,56","1,000", , , ,"0,919", , 
"Дорожка Фелт (Россия) 0,6м L=26,0",,рул,"2 464,80", , , , , ,"0,240", 
"Дорожка Фелт (Россия) 0,6м L=30,0",,рул,"2 938,50", , ,"1,000", , , ,"1,000"
"Дорожка Фелт (Россия) 0,6м L=30,6",,рул,"3 066,12", , ,"1,000", , , , 
"Дорожка Фелт (Россия) 0,6м L=31,0",,рул,"3 013,20", , , , , ,"1,000", 
"Дорожка Фелт (Россия) 0,6м L=31,9",,рул,"3 062,40","0,067", , , , , , 
"Дорожка Фелт (Россия) 0,7м.",,,, , , , , , , 
"Дорожка Фелт (Россия) 0,7м. L=20,0м.",,рул,"2 268,39","1,000","3,196","7,000","0,293", ,"1,000", 
"Дорожка Фелт (Россия) 0,7м. L=20,3м.",,рул,"2 373,07", , ,"1,000", , , , 
"Дорожка Фелт (Россия) 0,7м. L=20,4м.",,рул,"2 313,36", , , , , , ,"1,000"
"Дорожка Фелт (Россия) 0,7м. L=21,5м.",,рул,"2 438,10", , , , , ,"1,000", 
"Дорожка Фелт (Россия) 0,7м. L=21,6м.",,рул,"2 473,82", , , , , , ,"0,073"
"Дорожка Фелт (Россия) 0,7м. L=23,0м.",,рул,"2 517,48", , ,"1,000", , , , 
"Дорожка Фелт (Россия) 0,7м. L=24,1м.",,рул,"2 648,59", , ,"1,000", , , , 
"Дорожка Фелт (Россия) 0,7м. L=25,0м.",,рул,"2 793,47", , ,"1,000", ,"1,488", , 
"Дорожка Фелт (Россия) 0,7м. L=25,9м.",,рул,"2 864,54", , , , , ,"1,000", 
"Дорожка Фелт (Россия) 0,7м. L=26,0м.",,рул,"2 784,60", , ,"1,000", , , , 
"Дорожка Фелт (Россия) 0,7м. L=28,9м.",,рул,"3 236,80", , , , , ,"1,000", 
"Дорожка Фелт (Россия) 0,7м. L=29,0м.",,рул,"2 925,23", , , , , ,"1,000", 
"Дорожка Фелт (Россия) 0,7м. L=30,0м.",,рул,"3 507,00", ,"0,033","1,967", , , , 
"Дорожка Фелт (Россия) 0,7м. L=30,1м.",,рул,"3 181,57", , , , , ,"0,945", 
"Дорожка Фелт (Россия) 0,7м. L=30,7м.",,рул,"3 481,38", , , , , , ,"1,000"
"Дорожка Фелт (Россия) 0,7м. L=32,0м.",,рул,"3 382,40","0,297", , , , , , 
"Дорожка Фелт (Россия) 0,7м. L=46,0м.",,рул,"4 646,00", , , , , , , 
"Дорожка Фелт (Россия) 0,8м.",,,, , , , , , , 
"Дорожка Фелт (Россия) 0,8м. L=16,9м.",,рул,"2 190,24", ,"0,763", , , , , 
"Дорожка Фелт (Россия) 0,8м. L=17,6м.",,рул,"2 351,36", , ,"1,000", , , , 
"Дорожка Фелт (Россия) 0,8м. L=17,7м.",,рул,"2 138,16", , , , , ,"1,000", 
"Дорожка Фелт (Россия) 0,8м. L=17,8м.",,рул,"2 032,05", , , , , ,"1,000", 
"Дорожка Фелт (Россия) 0,8м. L=19,0м.",,рул,"2 462,40", , ,"1,000", , , , 
"Дорожка Фелт (Россия) 0,8м. L=19,2м.",,рул,"2 488,32", , , , ,"1,000", , 
"Дорожка Фелт (Россия) 0,8м. L=19,3м.",,рул,"2 220,27", , , , , ,"1,000", 
"Дорожка Фелт (Россия) 0,8м. L=20,0м.",,рул,"2 595,32", , ,"3,000", ,"1,000","3,000","0,975"
"Дорожка Фелт (Россия) 0,8м. L=20,5м.",,рул,"2 738,80", , ,"1,000", , , , 
"Дорожка Фелт (Россия) 0,8м. L=20,6м.",,рул,"2 463,76", , ,"1,000", ,"0,254", , 
"Дорожка Фелт (Россия) 0,8м. L=20,7м.",,рул,"2 765,52", , ,"1,000", , , , 
"Дорожка Фелт (Россия) 0,8м. L=20,8м.",,рул,"2 487,68", , ,"1,000", , , , 
"Дорожка Фелт (Россия) 0,8м. L=21,9м.",,рул,"2 790,06", , , , , ,"1,000", 
"Дорожка Фелт (Россия) 0,8м. L=23,9м.",,рул,"3 193,04", ,"1,000", , , , , 
"Дорожка Фелт (Россия) 0,8м. L=24,3м.",,рул,"3 149,28", , ,"1,000", , , , 
"Дорожка Фелт (Россия) 0,8м. L=25,0м.",,рул,"3 869,58", , ,"1,000","0,100","0,929", ,"1,000"
"Дорожка Фелт (Россия) 0,8м. L=25,8м.",,рул,"3 446,88", , ,"1,000", , , , 
"Дорожка Фелт (Россия) 0,8м. L=26,6м.",,рул,"3 362,21", , , , , ,"0,288", 
"Дорожка Фелт (Россия) 0,8м. L=26,7м.",,рул,"6 194,40", , ,"1,000", , , , 
"Дорожка Фелт (Россия) 0,8м. L=28,80м.",,рул,"3 640,32", , , , , ,"0,958", 
"Дорожка Фелт (Россия) 0,8м. L=30,0м.",,рул,"4 008,00", , ,"1,000", , , , 
"Дорожка Фелт (Россия) 0,8м. L=31,7м.",,рул,"4 057,60", ,"1,000", , , , , 
"Дорожка Фелт (Россия) 0,9м.",,,, , , , , , , 
"Дорожка Фелт (Россия) 0,9м. L=17,20м.",,рул,"2 585,16", , ,"1,000", , , , 
"Дорожка Фелт (Россия) 0,9м. L=20,0м.",,рул,"2 942,72", , ,"2,000", , ,"2,000","1,000"
"Дорожка Фелт (Россия) 0,9м. L=20,1м.",,рул,"2 606,77", , , , ,"1,000", , 
"Дорожка Фелт (Россия) 0,9м. L=20,4м.",,рул,"3 066,12", , ,"1,000", , , , 
"Дорожка Фелт (Россия) 0,9м. L=21,30м.",,рул,"3 067,20","0,353", , , , , , 
"Дорожка Фелт (Россия) 0,9м. L=22,9м.",,рул,"2 926,63", , , , , ,"0,372", 
"Дорожка Фелт (Россия) 0,9м. L=27,0м.",,рул,"3 936,60", ,"0,830", , , , , 
"Дорожка Фелт (Россия) 0,9м. L=30,0м.",,рул,"4 440,00", ,"1,000","1,000", ,"0,821", ,"0,270"
"Дорожка Фелт (Россия) 1,0м.",,,, , , , , , , 
"Дорожка Фелт (Россия) 1,0м. L=17,0 м.",,рул,"2 754,00", ,"1,000", , , , , 
"Дорожка Фелт (Россия) 1,0м. L=18,3 м.",,рул,"2 928,00", ,"1,000", , , , , 
"Дорожка Фелт (Россия) 1,0м. L=19,0 м.",,рул,"3 078,00", ,"1,000", , , , , 
"Дорожка Фелт (Россия) 1,0м. L=19,8м.",,рул,"3 306,60", , ,"1,000", , , , 
"Дорожка Фелт (Россия) 1,0м. L=20,00м",,рул,"3 289,49", ,"1,496","9,000", , ,"1,000","1,120"
"Дорожка Фелт (Россия) 1,0м. L=20,30м",,рул,"3 288,60", , , , ,"0,758", , 
"Дорожка Фелт (Россия) 1,0м. L=20,40м",,рул,"3 372,76", , ,"2,000", , ,"1,000", 
"Дорожка Фелт (Россия) 1,0м. L=20,50м",,рул,"3 423,50", , ,"1,000", , , , 
"Дорожка Фелт (Россия) 1,0м. L=21,0 м.",,рул,"3 402,00","0,770", , , , , , 
"Дорожка Фелт (Россия) 1,0м. L=21,2 м.",,рул,"3 434,40", , , , ,"1,000", , 
"Дорожка Фелт (Россия) 1,0м. L=21,30 м.",,рул,"3 408,00", , , , , ,"1,000", 
"Дорожка Фелт (Россия) 1,0м. L=21,40 м.",,рул,"3 466,80", , ,"1,000", , , , 
"Дорожка Фелт (Россия) 1,0м. L=25,00 м.",,рул,"4 175,00", , ,"1,000", , , , 
"Дорожка Фелт (Россия) 1,0м. L=25,20 м.",,рул,"4 257,64", , , ,"0,969", , , 
"Дорожка Фелт (Россия) 1,0м. L=25,80 м.",,рул,"4 179,60", , ,"1,000", , , , 
"Дорожка Фелт (Россия) 1,0м. L=29,80 м.",,рул,"4 976,60", , ,"1,000", , , , 
"Дорожка Фелт (Россия) 1,0м. L=30,50 м.",,рул,"4 941,00", , , , ,"1,000", , 
"Дорожка Фелт (Россия) 1,0м. L=31,00 м.",,рул,"4 816,00", , , , , ,"0,040", 
"Дорожка Фелт (Россия) 1,0м. L=34,40 м.",,рул,"4 957,04", , , , , ,"1,000", 
"Дорожка Фелт (Россия) 1,0м. L=35,00 м.",,рул,"4 860,44", , , , , ,"0,711", 
"Дорожка Фелт (Россия) 1,0м. L=36,00 м.",,рул,"5 688,00", , , , , ,"1,000", 
"Дорожка Фелт (Россия) 1,1м.",,,, , , , , , , 
"Дорожка Фелт (Россия) 1,1м. L=19,7м.",,рул,"3 528,36", , , , , , ,"1,000"
"Дорожка Фелт (Россия) 1,1м. L=20,0м.",,рул,"3 595,71","0,948","2,000","2,000", ,"1,000", , 
"Дорожка Фелт (Россия) 1,1м. L=20,6м.",,рул,"3 670,92", , , , , ,"1,000", 
"Дорожка Фелт (Россия) 1,1м. L=25,0м.",,рул,"4 202,46", , , , ,"0,582", , 
"Дорожка Фелт (Россия) 1,1м. L=26,5м.",,рул,"125 140,95", , ,"0,038", , , , 
"Дорожка Фелт (Россия) 1,1м. L=30,0м.",,рул,"5 346,01", , , , , , ,"0,335"
"Дорожка Фелт (Россия) 1,1м. L=30,7м.",,рул,"5 470,75", ,"0,300", , , ,"0,449", 
"Дорожка Фелт (Россия) 1,2м.",,,, , , , , , , 
"Дорожка Фелт (Россия) 1,2м. L=18,0м.",,рул,"3 607,20", ,"1,000", , , , , 
"Дорожка Фелт (Россия) 1,2м. L=19,9м.",,рул,"3 987,96", , ,"1,000", , , , 
"Дорожка Фелт (Россия) 1,2м. L=20,00м.",,рул,"3 960,73", ,"1,000","7,000","1,000","2,000","1,000","1,000"
"Дорожка Фелт (Россия) 1,2м. L=20,1м.",,рул,"4 028,04", , ,"1,000", , , , 
"Дорожка Фелт (Россия) 1,2м. L=20,4м.",,рул,"4 088,16", , ,"1,000", , , , 
"Дорожка Фелт (Россия) 1,2м. L=21,0м.",,рул,"4 208,34", , ,"1,000", , , , 
"Дорожка Фелт (Россия) 1,2м. L=21,50м.",,рул,"4 050,60", , ,"1,000", ,"0,337", , 
"Дорожка Фелт (Россия) 1,2м. L=23,8 м",,рул,"4 569,60", ,"0,296", , , ,"0,209", 
"Дорожка Фелт (Россия) 1,2м. L=24,2м.",,рул,"4 228,22", , , , , ,"1,000", 
"Дорожка Фелт (Россия) 1,2м. L=25,0м.",,рул,"4 860,00", , , ,"0,024", ,"1,000","0,367"
"Дорожка Фелт (Россия) 1,2м. L=26,9м.",,рул,"5 100,24", , , , , ,"1,000", 
"Дорожка Фелт (Россия) 1,2м. L=27,0м.",,рул,"5 119,20", , , , , ,"1,000", 
"Дорожка Фелт (Россия) 1,2м. L=27,2м.",,рул,"5 289,58", , , , , , ,"1,000"
"Дорожка Фелт (Россия) 1,2м. L=28,0м.",,рул,"5 140,80", , , , , ,"1,000", 
"Дорожка Фелт (Россия) 1,2м. L=29,2м.",,рул,"4 975,68", , , , , ,"1,000", 
"Дорожка Фелт (Россия) 1,2м. L=30,0м.",,рул,"6 012,00", , ,"2,000", , , , 
"Дорожка Фелт (Россия) 1,2м. L=33,0м.",,рул,"6 613,20", , ,"1,000", , , , 
"Дорожка Фелт (Россия) 1,2м. L=34,4м.",,рул,"6 522,26","0,333", , , , , , 
"Дорожка Фелт (Россия) 1,3м.",,,, , , , , , , 
"Дорожка Фелт (Россия) 1,3м. L=20,0м.",,рул,"4 214,45","0,082", ,"1,000", ,"1,000","1,000","1,000"
"Дорожка Фелт (Россия) 1,3м. L=20,5м.",,рул,"4 450,55", , ,"1,000", , , , 
"Дорожка Фелт (Россия) 1,3м. L=21,7м.",,рул,"4 005,82", , , , , ,"1,000", 
"Дорожка Фелт (Россия) 1,3м. L=23,0м.",,рул,"4 913,59", , , , ,"0,018", , 
"Дорожка Фелт (Россия) 1,3м. L=25,0м.",,рул,"5 285,94", ,"0,024", , , , ,"0,457"
"Дорожка Фелт (Россия) 1,3м. L=30,0м.",,рул,"6 318,00","1,000", , , , , , 
"Дорожка Фелт (Россия) 1,3м. L=30,9м.",,рул,"6 507,54", , ,"1,000", , , , 
"Дорожка Фелт (Россия) 1,3м. L=31,6м.",,рул,"6 654,96", ,"1,000", , , , , 
"Дорожка Фелт (Россия) 1,3м. L=35,0м.",,рул,"6 507,51", , , , , ,"0,759", 
"Дорожка Фелт (Россия) 1,4м.",,,, , , , , , , 
"Дорожка Фелт (Россия) 1,4 м. L=20,10 м.",,рул,"4 558,68", ,"1,000", , , , , 
"Дорожка Фелт (Россия) 1,4 м. L=25,00 м.",,рул,"5 377,08","0,617","0,103", , ,"0,284", , 
"Дорожка Фелт (Россия) 1,4 м. L=25,10 м.",,рул,"5 355,40", , , , , ,"0,547", 
"Дорожка Фелт (Россия) 1,4 м. L=26,10 м.",,рул,"7 127,80", , , , , , ,"0,803"
"Дорожка Фелт (Россия) 1,4 м. L=30,00 м.",,рул,"6 804,00", , , , ,"1,000", , 
"Дорожка Фелт (Россия) 1,5м.",,,, , , , , , , 
"Дорожка Фелт (Россия) 1,5 м. L=17,9 м.",,рул,"3 831,50", , , , , , ,"1,000"
"Дорожка Фелт (Россия) 1,5 м. L=19,5 м.",,рул,"4 884,75", , ,"1,000", , , , 
"Дорожка Фелт (Россия) 1,5 м. L=20,0 м.",,рул,"4 919,76", ,"1,823","4,000", , , ,"0,966"
"Дорожка Фелт (Россия) 1,5 м. L=20,1 м.",,рул,"5 035,05", , ,"1,000", , , , 
"Дорожка Фелт (Россия) 1,5 м. L=20,5 м.",,рул,"4 981,50", , ,"2,000", , , , 
"Дорожка Фелт (Россия) 1,5 м. L=23,90 м.",,рул,"5 442,92", , , , , ,"0,475", 
"Дорожка Фелт (Россия) 1,5 м. L=24,00 м.",,рул,"6 012,00", , ,"1,000", , , , 
"Дорожка Фелт (Россия) 1,5 м. L=24,70 м.",,рул,"5 261,10", , , , , ,"1,000", 
"Дорожка Фелт (Россия) 1,5 м. L=25,00 м.",,рул,"6 000,00","0,516", , , , ,"1,000", 
"Дорожка Фелт (Россия) 1,5 м. L=27,10 м.",,рул,"10 632,26", , , , ,"0,241", , 
"Дорожка Фелт (Россия) 1,6м.",,,, , , , , , , 
"Дорожка Фелт (Россия) 1,6м. L=19,8м.",,рул,"4 498,56", , , , , ,"0,521", 
"Дорожка Фелт (Россия) 1,6м. L=20,0м.",,рул,"5 184,00", , , , , , ,"0,700"
"Дорожка Фелт (Россия) 1,6м. L=20,6м.",,рул,"5 504,32", , ,"1,000", , , , 
"Дорожка Фелт (Россия) 1,6м. L=21,9м.",,рул,"5 676,48", ,"0,689", , , , , 
"Дорожка Фелт (Россия) 1,6м. L=22,3м.",,рул,"5 708,80","0,276", , , , , , 
"Дорожка Фелт (Россия) 1,6м. L=25,0м.",,рул,"6 374,89", , , , ,"0,090", , 
"Дорожка Фелт (Россия) 1,8м",,,, , , , , , , 
"Дорожка Фелт (Россия) 1,8м L=20,2м",,рул,"5 055,05", , , , ,"0,105", , 
"Дорожка Фелт (Россия) 1,8м L=24,5м",,рул,"5 625,98", , , , , ,"0,189", 
Коврик Тафт,,,, , , , , , , 
"Коврики Тафт 0,80*1,00",,шт,"134,80", , , , ,"1,000", ,"1,000"
"Коврики Тафт 0,80*1,50",,шт,"202,61","5,000","12,000","5,000","2,000","2,000","6,000","5,000"
"Коврики Тафт 1,00*1,30",,шт,"219,70","1,000", , , ,"1,000","1,000", 
"Коврики Тафт 1,00*2,00",,шт,"340,00", , , , ,"1,000","1,000", 
"Коврики Тафт 1,50*2,00",,шт,"505,69", ,"5,000", , , ,"5,000","6,000"
Коврик Фелт (Россия),,,, , , , , , , 
"Коврик Фелт (Россия) 0,50*0,70",,шт,"61,06","4,000","15,000","56,000","2,000","5,000","12,000", 
"Коврик Фелт (Россия) 0,50*0,90",,шт,"75,15", , , , ,"1,000", , 
"Коврик Фелт (Россия) 0,60*0,60",,шт,"60,12","3,000", , , ,"1,000", , 
"Коврик Фелт (Россия) 0,60*0,80",,шт,"80,58","7,000", ,"11,000","6,000", ,"12,000", 
"Коврик Фелт (Россия) 0,60*1,00",,шт,"102,95","1,000", ,"22,000", , , , 
"Коврик Фелт (Россия) 0,8*1,0",,шт,"133,60", , , , ,"1,000","6,000", 
"Коврик Фелт (Россия) 0,8*1,2",,шт,"174,29","4,000", , , , ,"1,000", 
"Коврик Фелт (Россия) 0,80*1,50",,шт,"223,20", , , , , ,"3,000", 
Палас Carpet,,,, , , , , , , 
"Палас Carpet Фелт (Россия) 3,00х4,00",,шт,"1 380,00", , , , , , ,"1,000"
Палас Фелт,,,, , , , , , , 
"Палас Фелт (Россия) 0,6х1,3",,шт,"130,26", , , ,"1,000", , , 
"Палас Фелт (Россия) 0,6х1,5",,шт,"189,00", ,"2,000", , ,"1,000", , 
"Палас Фелт (Россия) 0,6х2,0",,шт,"203,05", ,"3,000","8,000","1,000","2,000", , 
"Палас Фелт (Россия) 0,6х2,5",,шт,"258,22", , ,"1,000","1,000", , , 
"Палас Фелт (Россия) 0,6х2,7",,шт,"270,54", , , ,"1,000", , , 
"Палас Фелт (Россия) 0,6х3,0",,шт,"309,60", , ,"1,000", , , , 
"Палас Фелт (Россия) 0,7х1,4",,шт,"168,56", , , , ,"1,000", , 
"Палас Фелт (Россия) 0,7х2,0",,шт,"235,33", ,"2,000", ,"2,000","2,000","1,000","2,000"
"Палас Фелт (Россия) 0,7х2,5",,шт,"290,94", , , ,"1,000","1,000", , 
"Палас Фелт (Россия) 0,7х3,0",,шт,"351,75", ,"1,000","1,000", ,"1,000","1,000", 
"Палас Фелт (Россия) 0,7х3,5",,шт,"421,40", , ,"1,000", , , , 
"Палас Фелт (Россия) 0,7х4,0",,шт,"467,60", , , , , ,"1,000", 
"Палас Фелт (Россия) 0,8х0,9",,шт,"120,24", , , , ,"1,000", , 
"Палас Фелт (Россия) 0,8х1,5",,шт,"200,30", ,"1,000", ,"1,000", , , 
"Палас Фелт (Россия) 0,8х2,0",,шт,"267,17", , , , ,"2,000","2,000", 
"Палас Фелт (Россия) 0,8х2,5",,шт,"332,65", , , , ,"1,000", ,"1,000"
"Палас Фелт (Россия) 0,8х3,0",,шт,"400,78", , , , ,"2,000", , 
"Палас Фелт (Россия) 0,8х3,5",,шт,"481,60", , ,"1,000", , , , 
"Палас Фелт (Россия) 0,9*1,4",,шт,"210,42", , , ,"1,000", , , 
"Палас Фелт (Россия) 0,9*2,0",,шт,"304,58","1,000", ,"5,000","2,000", ,"1,000", 
"Палас Фелт (Россия) 0,9*2,5",,шт,"381,38", ,"1,000","3,000", ,"2,000", , 
"Палас Фелт (Россия) 0,9*3,0",,шт,"457,65", ,"1,000","2,000", , ,"1,000", 
"Палас Фелт (Россия) 0,9*3,05",,шт,"472,14", , , , , , ,"1,000"
"Палас Фелт (Россия) 0,9*3,50",,шт,"541,80", ,"1,000", , , , , 
"Палас Фелт (Россия) 0,9*4,00",,шт,"601,20", , ,"2,000", , , , 
"Палас Фелт (Россия) 1,00*1,30 икона",,шт,"227,50", , , , , ,"1,000", 
"Палас Фелт (Россия) 1,0х1,0",,шт,"172,00", , ,"2,000", , , , 
"Палас Фелт (Россия) 1,0х1,5",,шт,"258,00", ,"1,000", , , , , 
"Палас Фелт (Россия) 1,0х1,9",,шт,"317,30", , , , , , ,"1,000"
"Палас Фелт (Россия) 1,0х2,0",,шт,"345,64","1,000","2,000","5,000","2,000","2,000","1,000", 
"Палас Фелт (Россия) 1,0х2,5",,шт,"425,31","1,000", ,"5,000", ,"1,000","1,000", 
"Палас Фелт (Россия) 1,0х3,0",,шт,"512,99","1,000","3,000","5,000", , ,"1,000", 
"Палас Фелт (Россия) 1,0х3,5",,шт,"593,29", ,"4,000","2,000", , , , 
"Палас Фелт (Россия) 1,0х3,7",,шт,"636,40", , ,"1,000", , , , 
"Палас Фелт (Россия) 1,0х4,0",,шт,"688,00", ,"1,000", , , , , 
"Палас Фелт (Россия) 1,0х4,5",,шт,"751,50","1,000", , , , ,"1,000", 
"Палас Фелт (Россия) 1,0х5,0",,шт,"839,17","1,000","2,000", , ,"2,000","1,000", 
"Палас Фелт (Россия) 1,0х5,5",,шт,"907,50","1,000", , , , , , 
"Палас Фелт (Россия) 1,0х6,0",,шт,"1 032,00", , ,"1,000", , , , 
"Палас Фелт (Россия) 1,1*2,0",,шт,"366,30", , ,"1,000", , ,"1,000", 
"Палас Фелт (Россия) 1,1*2,5",,шт,"468,42", ,"1,000","1,000", , ,"1,000", 
"Палас Фелт (Россия) 1,1*3,0",,шт,"551,10", , ,"1,000", , , , 
"Палас Фелт (Россия) 1,1*3,3",,шт,"606,21", , ,"1,000", , , , 
"Палас Фелт (Россия) 1,1*4,0",,шт,"745,80", , ,"1,000", ,"1,000", , 
"Палас Фелт (Россия) 1,1*4,2",,шт,"771,54", , , , , ,"1,000", 
"Палас Фелт (Россия) 1,2х1,4",,шт,"288,96", , ,"1,000", , , , 
"Палас Фелт (Россия) 1,2х2,0",,шт,"406,80", , ,"1,000", , , , 
"Палас Фелт (Россия) 1,2х2,5",,шт,"507,67", , ,"2,000", , ,"1,000", 
"Палас Фелт (Россия) 1,2х3,0",,шт,"601,20","1,000", , , , ,"1,000", 
"Палас Фелт (Россия) 1,2х5,0",,шт,"1 032,00", , , , ,"2,000", , 
"Палас Фелт (Россия) 1,3х2,5",,шт,"1 101,75","1,000", , , , , , 
"Палас Фелт (Россия) 1,3х5,0",,шт,"1 085,50", , , , ,"1,000", , 
"Палас Фелт (Россия) 1,4х2,0",,шт,"474,60","1,000", ,"1,000", , , , 
"Палас Фелт (Россия) 1,4х2,5",,шт,"581,00", , ,"3,000", , , , 
"Палас Фелт (Россия) 1,4х3,0",,шт,"701,40","1,000", , , , , , 
"Палас Фелт (Россия) 1,4х3,5",,шт,"808,50","1,000", , , , , , 
"Палас Фелт (Россия) 1,4х4,0",,шт,"927,73","1,000", , , , , , 
"Палас Фелт (Россия) 1,4х4,5",,шт,"1 039,50","1,000", , , , , , 
"Палас Фелт (Россия) 1,4х5,0",,шт,"1 169,00","3,000","1,000", , , , , 
"Палас Фелт (Россия) 1,5х1,5",,шт,"379,28","4,000", ,"2,000", ,"3,000","3,000", 
"Палас Фелт (Россия) 1,5х2,0",,шт,"508,42","4,000","8,000","14,000","6,000","1,000","4,000","6,000"
"Палас Фелт (Россия) 1,5х2,3",,шт,"588,57", ,"1,000","2,000","1,000", , ,"1,000"
"Палас Фелт (Россия) 1,5х2,5",,шт,"633,01","4,000","7,000","24,000","2,000","4,000","3,000","5,000"
"Палас Фелт (Россия) 1,5х2,7",,шт,"696,60", , ,"1,000", , , , 
"Палас Фелт (Россия) 1,5х3,0",,шт,"772,69","6,000","5,000","23,000","7,000","1,000","12,000","7,000"
"Палас Фелт (Россия) 1,5х3,5",,шт,"884,68","3,000","5,000","33,000","6,000","11,000","11,000","8,000"
"Палас Фелт (Россия) 1,5х4,0",,шт,"1 012,88","2,000","6,000","23,000","7,000","12,000","9,000","7,000"
"Палас Фелт (Россия) 1,5х4,5",,шт,"1 126,75","7,000","7,000","14,000","4,000","8,000","12,000","9,000"
"Палас Фелт (Россия) 1,5х5,0",,шт,"1 250,99","1,000","3,000","4,000","5,000","7,000","4,000","6,000"
"Палас Фелт (Россия) 1,5х5,5",,шт,"1 362,40","3,000","1,000","3,000","3,000","2,000","6,000","7,000"
"Палас Фелт (Россия) 1,5х6,0",,шт,"1 488,00","2,000", , ,"1,000", , , 
"Палас Фелт (Россия) 1,6х1,5",,шт,"396,00","1,000", , , , , , 
"Палас Фелт (Россия) 1,6х2,0",,шт,"534,40","3,000", , , , , , 
"Палас Фелт (Россия) 1,6х2,5",,шт,"681,33","2,000", ,"6,000", , ,"1,000", 
"Палас Фелт (Россия) 1,6х3,0",,шт,"1 843,68","2,000", , , , , , 
"Палас Фелт (Россия) 1,6х3,5",,шт,"937,07", , ,"3,000", , , , 
"Палас Фелт (Россия) 1,6х4,0",,шт,"1 068,80","4,000","1,000", , ,"1,000", , 
"Палас Фелт (Россия) 1,6х4,3",,шт,"1 148,96", , , , , ,"1,000", 
"Палас Фелт (Россия) 1,6х4,5",,шт,"1 202,40", ,"1,000", , , , , 
"Палас Фелт (Россия) 1,7х2,0",,шт,"573,47","1,000", ,"1,000","1,000", , , 
"Палас Фелт (Россия) 1,7х2,5",,шт,"709,75", , ,"1,000", ,"1,000", , 
"Палас Фелт (Россия) 1,7х3,0",,шт,"858,08","2,000", ,"1,000", ,"1,000", , 
"Палас Фелт (Россия) 1,7х3,5",,шт, , , ,"2,000", , , , 
"Палас Фелт (Россия) 1,7х4,0",,шт,"1 135,60","2,000", , , , , , 
"Палас Фелт (Россия) 1,8х2,5",,шт,"751,50", , , , ,"1,000", , 
"Палас Фелт (Россия) 1,8х3,0",,шт,"901,80", , , , ,"1,000", , 
"Палас Фелт (Россия) 2,0х2,0",,шт,"693,47","5,000","3,000","16,000","4,000","6,000","3,000","2,000"
"Палас Фелт (Россия) 2,0х2,5",,шт,"845,75","3,000","5,000","15,000","3,000","4,000","4,000","2,000"
"Палас Фелт (Россия) 2,0х3,0",,шт,"1 027,02","1,000","13,000","47,000","4,000","9,000","16,000","12,000"
"Палас Фелт (Россия) 2,0х3,5",,шт,"1 185,90","2,000","9,000","32,000","2,000","14,000","5,000","7,000"
"Палас Фелт (Россия) 2,0х4,0",,шт,"1 356,17","3,000","10,000","40,000","3,000","12,000","11,000","8,000"
"Палас Фелт (Россия) 2,0х4,5",,шт,"1 518,87","4,000","5,000","24,000","2,000","10,000","8,000","6,000"
"Палас Фелт (Россия) 2,0х5,0",,шт,"1 685,58","3,000","6,000","14,000","7,000","3,000","5,000","5,000"
"Палас Фелт (Россия) 2,0х5,5",,шт,"1 809,56","4,000","2,000","7,000","1,000","3,000","5,000","6,000"
"Палас Фелт (Россия) 2,0х6,0",,шт,"2 004,00","4,000","2,000", ,"1,000","2,000","1,000", 
"Палас Фелт (Россия) 2,2х3,0",,шт,"1 135,20", ,"1,000", , ,"2,000", , 
"Палас Фелт (Россия) 2,2х3,5",,шт,"1 324,40", ,"1,000", , ,"2,000", , 
"Палас Фелт (Россия) 2,4*5,0",,шт, , , ,"1,000", , , , 
"Палас Фелт (Россия) 2,5х2,5",,шт,"1 057,41","6,000","2,000","12,000","2,000","5,000","3,000","2,000"
"Палас Фелт (Россия) 2,5х2,5 ов.",,шт,"668,75", , , , , ,"1,000", 
"Палас Фелт (Россия) 2,5х3,0",,шт,"1 306,55","2,000","3,000","13,000","3,000","6,000","8,000","6,000"
"Палас Фелт (Россия) 2,5х3,0 ов.",,шт,"802,50", , , , , ,"1,000", 
"Палас Фелт (Россия) 2,5х3,5",,шт,"1 492,77","4,000","4,000","14,000","1,000","6,000","8,000","8,000"
"Палас Фелт (Россия) 2,5х4,0",,шт,"1 681,66","3,000","8,000","9,000","3,000","11,000","12,000","12,000"
"Палас Фелт (Россия) 2,5х4,5",,шт,"1 918,46","3,000","5,000","10,000", ,"11,000","10,000","8,000"
"Палас Фелт (Россия) 2,5х5,0",,шт,"2 092,73","4,000","6,000","7,000","4,000","5,000","7,000","9,000"
"Палас Фелт (Россия) 2,5х5,5",,шт,"2 235,25","4,000","1,000","14,000", ,"2,000", ,"3,000"
"Палас Фелт (Россия) 2,5х6,0",,шт,"2 490,00","2,000","1,000", , ,"2,000","1,000","2,000"
"Палас Фелт (Россия) 3,0х3,0",,шт,"1 505,82","3,000","3,000","5,000","1,000","3,000","5,000", 
"Палас Фелт (Россия) 3,0х3,5",,шт,"1 792,18","4,000","2,000","4,000","2,000", ,"8,000","1,000"
"Палас Фелт (Россия) 3,0х4,0",,шт,"2 014,28","1,000","2,000","13,000","6,000","3,000","14,000","5,000"
"Палас Фелт (Россия) 3,0х4,5",,шт,"2 255,15","3,000","2,000","18,000","2,000","2,000","12,000","4,000"
"Палас Фелт (Россия) 3,0х5,0",,шт,"2 536,79","2,000","3,000","25,000","3,000","2,000","12,000","3,000"
"Палас Фелт (Россия) 3,0х5,5",,шт,"2 755,61","4,000","3,000","6,000", , ,"4,000","2,000"
"Палас Фелт (Россия) 3,0х6,0",,шт,"2 982,17","2,000","2,000","5,000", , ,"4,000","3,000"
Палас Фелт Балттекстиль,,,, , , , , , , 
"Палас Фелт Балттекстиль 1,50*4,00",,шт,"751,02", ,"1,000", , , , , 
"Палас Фелт Балттекстиль 1,50*4,50",,шт,"844,90", ,"1,000", , , , , 
"Палас Фелт Балттекстиль 1,50*5,00",,шт,"1 408,17", ,"2,000", , , , , 
"Палас Фелт Балттекстиль 1,50*5,50",,шт,"1 032,60", ,"1,000", , , , ,"1,000"
"Палас Фелт Балттекстиль 2,00*3,00",,шт,"751,02", ,"1,000", , , , , 
"Палас Фелт Балттекстиль 2,00*4,00",,шт,"1 001,36", ,"1,000", , , , , 
"Палас Фелт Балттекстиль 2,00*4,50",,шт,"1 126,53", ,"2,000", , , , , 
"Палас Фелт Балттекстиль 2,00*5,50",,шт,"1 376,87", ,"1,000", , , , , 
"Палас Фелт Балттекстиль 2,50*4,50",,шт,"1 408,16", ,"1,000", , , , , 
"Палас Фелт Балттекстиль 2,50*5,00",,шт,"1 564,63", ,"1,000", , , , , 
"Палас Фелт Балттекстиль 2,50*5,50",,шт,"2 425,17", ,"1,000", , , , , 
"Палас Фелт Балттекстиль 3,00*4,50",,шт,"1 689,79", ,"1,000", , , , , 
Палас Фелт Рекос,,,, , , , , , , 
"Палас Фелт Рекос 1,50*4,00",,шт,"762,00", , , , , , ,"1,000"
"Палас Фелт Рекос 1,50*4,50",,шт,"857,25", ,"1,000", , , , , 
"Палас Фелт Рекос 1,50*6,00",,шт,"1 143,00", ,"1,000", , , ,"1,000", 
"Палас Фелт Рекос 2,00*3,50",,шт,"889,00", ,"1,000", , , , , 
"Палас Фелт Рекос 2,00*5,50",,шт,"1 397,00", , , , , , ,"1,000"
"Палас Фелт Рекос 2,50*2,50",,шт,"793,75", ,"1,000", , , , , 
"Палас Фелт Рекос 2,50*3,00",,шт,"952,50", ,"1,000", , , , , 
"Палас Фелт Рекос 2,50*3,50",,шт,"1 111,25", ,"2,000", , , , , 
"Палас Фелт Рекос 2,50*4,00",,шт,"1 270,00", ,"1,000", , , , , 
"Палас Фелт Рекос 3,00*4,50",,шт,"1 714,50","1,000", , , , , , 
Постельные принадлежности,,,, , , , , , , 
Наматрацник,,,, , , , , , , 
Наматрацник из стеган. полотна (бамбук) 200*120,,шт,"626,73", , , , , , ,"1,000"
Наматрацник из стеган. полотна (синтепон) 200*140,,шт,"684,48", , , ,"1,000", ,"2,000", 
Наматрацник из стеган. полотна (синтепон) 200*90,,шт,"360,00", , , , , ,"2,000", 
Наматрацник натяжной (водонепрониц.) 200*120,,шт,"1 049,28","1,000", , , , , , 
Наматрацник натяжной (водонепрониц.) 200*160,,шт,"1 303,68", , , , , ,"1,000", 
Одеяло,,,, , , , , , , 
"Одеяло ""Бамбук"" 1,5 сп. полиэстер",,шт,"395,77","3,000", ,"10,000", , , , 
"Одеяло ""Бамбук"" 1,5 сп. сатин",,шт,"1 278,18","1,000","1,000","52,000", ,"2,000","2,000","1,000"
"Одеяло ""Бамбук"" 2,0 сп. полиэстер",,шт,"456,20","5,000", ,"22,000","4,000","3,000", , 
"Одеяло ""Бамбук"" 2,0 сп. сатин",,шт,"1 493,75","2,000", ,"35,000", ,"1,000","2,000","2,000"
"Одеяло ""Ватное"" 2,0 сп.",,шт,"1 046,10", , ,"1,000", ,"2,000","2,000","2,000"
"Одеяло ""Ватное"" дет. 140*110",,шт,"400,43", ,"1,000","12,000", ,"2,000", , 
"Одеяло ""Верблюд"" 1,5 сп. полиэстер",,шт,"433,82","2,000","2,000","17,000","1,000","2,000", ,"1,000"
"Одеяло ""Верблюд"" 2,0 сп. полиэстер",,шт,"498,12","3,000","1,000","10,000","1,000","2,000", ,"1,000"
"Одеяло ""Комфорт"" 1,5 сп. ультрастеп",,шт,"549,17","5,000","5,000","19,000", , ,"3,000","2,000"
"Одеяло ""Комфорт"" 1,5 сп. ультрастеп обл.",,шт,"323,00","2,000", ,"4,000", , ,"2,000","1,000"
"Одеяло ""Комфорт"" 2,0 сп. ультрастеп",,шт,"635,02","4,000","6,000","22,000", ,"1,000","3,000","1,000"
"Одеяло ""Комфорт"" 2,0 сп. ультрастеп обл.",,шт,"378,00", , , ,"3,000", ,"1,000","1,000"
"Одеяло ""Комфорт"" 210/200 сп. ультрастеп обл.",,шт,"435,00", , , ,"4,000", ,"2,000","1,000"
"Одеяло ""Овечка"" 1,5 сп. полиэстер",,шт,"423,90", , ,"3,000", , , ,"1,000"
"Одеяло ""Овечка"" 2,0 сп. полиэстер",,шт,"496,63","1,000", ,"7,000","3,000", , ,"1,000"
"Одеяло ""Руно"" 1,5 сп. цв.мех",,шт,"1 322,75", , ,"1,000", , , , 
"Одеяло ""Руно"" 2,0 сп. цв.мех",,шт,"1 930,00", , , , , , ,"1,000"
"Одеяло ""Файберболл"" 1,5 сп.",,шт,"898,00","1,000", , , ,"1,000", ,"2,000"
"Одеяло ""Файберболл"" 2,0 сп.",,шт,"1 078,83","2,000", , , ,"1,000","2,000","1,000"
"Одеяло ""Файберболл"" 210/200",,шт,"1 451,85","2,000", ,"1,000", , , ,"1,000"
"Одеяло ""Файберболл"" 220/240",,шт,"1 699,67","3,000","1,000","1,000", ,"1,000","1,000","1,000"
"Одеяло ""Холлофайбер"" (п/э степ) дет. 140*110",,шт,"340,97","1,000", ,"2,000", , , , 
"Одеяло ""Холлофайбер"" (ультрастеп) 1,5 сп.",,шт,"568,00", , , , , , ,"1,000"
"Одеяло АТЛАС-СТЕП 2,0 сп.",,шт,"662,00","1,000", , , , , ,"2,000"
"Одеяло верблюжья шерсть 1,5 сп.",,шт,"2 717,67","1,000","2,000","6,000", , ,"1,000","1,000"
"Одеяло верблюжья шерсть 2,0 сп.",,шт,"3 257,63","1,000","2,000","10,000", , ,"1,000","1,000"
"Одеяло кашемир 1,5 сп.",,шт,"1 301,52", ,"1,000","5,000", , ,"1,000", 
"Одеяло кашемир 2,0 сп.",,шт,"1 563,00", , ,"2,000", , ,"1,000","1,000"
"Одеяло облегченное (бамбук) 1,5 сп.",,шт,"855,00","2,000", ,"4,000", , , ,"1,000"
"Одеяло облегченное (бамбук) 2,0 сп.",,шт,"988,28", , ,"3,000","1,000", , ,"2,000"
"Одеяло облегченное (верблюжья шерсть) 1,5 сп.",,шт,"2 030,96","3,000", ,"3,000", ,"1,000","2,000","1,000"
"Одеяло облегченное (верблюжья шерсть) 2,0 сп.",,шт,"845,95","2,000", ,"17,000", ,"1,000","1,000","1,000"
"Одеяло облегченное (шерсть) 1,5 сп.",,шт,"616,58","3,000","7,000", ,"5,000","2,000","3,000","5,000"
"Одеяло облегченное (шерсть) 2,0 сп.",,шт,"724,25","2,000","3,000","17,000","11,000","1,000", ,"5,000"
"Одеяло полупуховое (80%) 1,5 сп.",,шт,"1 245,09", , ,"3,000", ,"1,000","1,000","1,000"
"Одеяло полупуховое (80%) 2,0 сп.",,шт,"1 455,00", , ,"4,000", ,"1,000","1,000", 
"Одеяло пуховое (100%) 1,5 сп.",,шт,"2 035,00", , ,"3,000", , ,"1,000", 
"Одеяло пуховое (100%) 2,0 сп.",,шт,"2 697,70", , ,"5,000", , ,"1,000", 
"Одеяло шерсть 1,5 сп.",,шт,"1 580,55","1,000", ,"14,000", ,"1,000","2,000","1,000"
"Одеяло шерсть 2,0 сп.",,шт,"1 840,91","2,000","1,000","15,000", ,"1,000","3,000","1,000"
Одеяло шерсть дет. 140*110,,шт,"901,66", ,"1,000","4,000", ,"1,000", , 
Подушка,,,, , , , , , , 
Подушка  бамбук (полиэстер) 50*70,,шт,"136,80","5,000", ,"2,000", , ,"2,000", 
Подушка  бамбук (полиэстер) 70*70,,шт,"181,62","8,000","1,000","12,000","1,000","2,000","1,000", 
Подушка  бамбук (сатин)  50*70,,шт,"662,00","2,000", , , ,"1,000", ,"1,000"
Подушка  бамбук (сатин) 70*70,,шт,"832,00", ,"1,000", , ,"2,000", ,"3,000"
"Подушка ""Дачная"" 50*70",,шт,"116,00", , ,"6,000","1,000", , , 
"Подушка ""Дачная"" 70*70",,шт,"161,00", , ,"6,000","2,000", ,"3,000", 
"Подушка ""Комфорт"" (ультрастеп) 50*70",,шт,"138,61","6,000","6,000", ,"2,000", ,"6,000","4,000"
"Подушка ""Комфорт"" (ультрастеп) 70*70",,шт,"185,58","4,000","6,000","22,000","3,000","1,000","11,000","4,000"
"Подушка ""Комфорт"" (файберболл) 50*70",,шт,"213,59","4,000","3,000","5,000","6,000","4,000", ,"5,000"
"Подушка ""Комфорт"" (файберболл) 70*70",,шт,"301,57","5,000","4,000", ,"5,000","3,000", ,"2,000"
Подушка пух (гусь 100% элитн.) 50*70,,шт,"1 321,35","2,000", ,"5,000", ,"2,000","2,000","2,000"
Подушка пух (гусь 100% элитн.) 68*68,,шт,"2 053,45","3,000","2,000","2,000", ,"2,000","1,000","2,000"
"Подушка пух-перо ""Три объема"" (сатин) 50*70",,шт,"933,12","1,000", , , ,"1,000","3,000", 
Подушка пух-перо (гусин.30%) 50*70,,шт,"404,62","6,000", ,"12,000","8,000", ,"6,000","4,000"
Подушка пух-перо (гусин.30%) 68*68,,шт,"495,72","1,000","4,000","7,000","4,000", , ,"1,000"
Подушка пух-перо (гусин.50%) 50*70,,шт,"824,60","5,000","2,000","10,000", ,"3,000","2,000","3,000"
Подушка пух-перо (гусин.50%) 68*68,,шт,"940,10","3,000","1,000","6,000","2,000","2,000", ,"3,000"
Подушка пух-перо 50*70 тик гладкокрашеный,,шт,"242,71","6,000", , , , ,"4,000","6,000"
"Пост. белье (бязь) 1,5 сп. арт. 151 ""Dolce Vita""",,шт,"902,81", ,"4,000", , ,"3,000","1,000","12,000"
"Пост. белье (бязь) 1,5 сп. арт. 181 ""Поплин""",,шт,"768,18", , , , , , ,"1,000"
"Пост. белье (бязь) 2,0 сп. ""Зефир""",,шт,"670,00", , , , , ,"4,000", 
"Пост. белье (бязь) 2,0 сп. арт. 152  ""Dolce Vita""",,шт,"1 070,13","2,000","1,000", ,"2,000", ,"10,000","9,000"
"Пост. белье (бязь) 2,0 сп. арт. 153 евро ""Dolce Vi",,шт,"1 193,41","2,000", , , , ,"1,000","5,000"
Пост. белье (бязь) Детский арт. 051,,шт,"333,87","1,000", , , , , , 
"Пост. белье (бязь) дуэт ""Зефир""",,шт,"990,00","1,000","1,000", , , , , 
"Пост. белье (бязь) евро ""Зефир""",,шт,"760,00","1,000", , , , , , 
"Пост. белье (бязь) Семейный арт.154 ""Dolce Vita""",,шт,"1 371,12","2,000","3,000","2,000", ,"1,000","2,000","8,000"
"Пост. белье (мако-сатин) 1,5 сп. ""Ирис""",,шт,"495,60","6,000","6,000", ,"2,000","8,000", ,"8,000"
"Пост. белье (мако-сатин) 1,5 сп. ""Каравелла""",,шт,"800,00", , , , , , ,"2,000"
"Пост. белье (мако-сатин) 1,5 сп. ""Карнавал""",,шт,"495,00","3,000", , , , ,"3,000","3,000"
"Пост. белье (мако-сатин) 2,0 сп. ""Ирис""",,шт,"590,67","6,000","6,000","10,000","1,000","7,000","8,000","2,000"
"Пост. белье (мако-сатин) 2,0 сп. ""Карнавал""",,шт,"950,00", , , , , , ,"2,000"
"Пост. белье (мако-сатин) дуэт ""Ирис""",,шт,"826,00", , , ,"4,000", , ,"4,000"
"Пост. белье (мако-сатин) дуэт ""Каравелла""",,шт,"710,00","1,000", , , , , ,"1,000"
"Пост. белье (мако-сатин) дуэт ""Карнавал""",,шт,"826,00","7,000", , , ,"3,000", ,"3,000"
"Пост. белье (мако-сатин) евро ""Ирис""",,шт,"685,00","4,000", , ,"2,000","3,000", ,"4,000"
"Пост. белье (мако-сатин) евро ""Карнавал""",,шт,"649,00", , , , , ,"1,000","3,000"
Пост. белье (микросатин 3D) 1.5 сп. арт. 137,,шт,"609,15", , , , , ,"1,000", 
Пост. белье (микросатин) евро арт. 139,,шт,"833,28", , , , , ,"1,000", 
"Пост. белье (перкаль) 1,5 сп. 70/70 ""Далила""",,шт,"916,00","3,000", , , , , , 